-- phpMyAdmin SQL Dump
-- version 4.5.1
-- http://www.phpmyadmin.net
--
-- Host: 127.0.0.1
-- Generation Time: Dec 05, 2016 at 02:23 AM
-- Server version: 10.1.16-MariaDB
-- PHP Version: 7.0.9

SET SQL_MODE = "NO_AUTO_VALUE_ON_ZERO";
SET time_zone = "+00:00";


/*!40101 SET @OLD_CHARACTER_SET_CLIENT=@@CHARACTER_SET_CLIENT */;
/*!40101 SET @OLD_CHARACTER_SET_RESULTS=@@CHARACTER_SET_RESULTS */;
/*!40101 SET @OLD_COLLATION_CONNECTION=@@COLLATION_CONNECTION */;
/*!40101 SET NAMES utf8mb4 */;

--
-- Database: `flight_database`
--

-- --------------------------------------------------------

--
-- Table structure for table `airplane`
--

CREATE TABLE `airplane` (
  `modelNumber` int(255) NOT NULL,
  `capacity` int(255) NOT NULL
) ENGINE=InnoDB DEFAULT CHARSET=latin1;

--
-- Dumping data for table `airplane`
--

INSERT INTO `airplane` (`modelNumber`, `capacity`) VALUES
(707, 68),
(708, 68),
(709, 68),
(710, 68),
(711, 68),
(713, 68),
(714, 68),
(715, 68),
(716, 68),
(717, 68),
(718, 68),
(719, 68),
(720, 68),
(721, 68),
(722, 68),
(723, 68),
(724, 68),
(725, 68),
(726, 68),
(727, 68),
(728, 68),
(729, 68),
(730, 68);

-- --------------------------------------------------------

--
-- Table structure for table `airport`
--

CREATE TABLE `airport` (
  `school` varchar(100) NOT NULL,
  `city` varchar(100) NOT NULL,
  `address` varchar(100) NOT NULL
) ENGINE=InnoDB DEFAULT CHARSET=latin1;

--
-- Dumping data for table `airport`
--

INSERT INTO `airport` (`school`, `city`, `address`) VALUES
('Cal Maritime', 'Vallejo', '200 Maritime Academy Drive, Vallejo, CA 94590'),
('Cal Poly Pomona', 'Pomona', '3801 West Temple Avenue, Pomona, CA 91768'),
('Cal Poly San Luis Obispo', 'San Luis Obispo', '1 Grand Avenue, San Luis Obispo, CA 93407'),
('CSU Bakersfield', 'Bakersfield', '9001 Stockdale Highway, Bakersfield, CA 93311'),
('CSU Channel Islands', 'Camarillo', '1 University Drive, Camarillo, CA 93012'),
('CSU Chico', 'Chico', '400 West First Street, Chico, CA 95929'),
('CSU Dominguez Hills', 'Carson', '1000 East Victoria Street, Carson, CA 90747'),
('CSU East Bay', 'Hayward', '25800 Carlos Bee Boulevard, Hayward, CA 94542'),
('CSU Fresno', 'Fresno', '5150 North Maple Avenue, Fresno, CA 93740'),
('CSU Fullerton', 'Fullerton', '800 North State College Boulevard, Fullerton, CA 92831'),
('CSU Long Beach', 'Long Beach', '1250 Bellflower Boulevard, Long Beach, CA 90840'),
('CSU Los Angeles', 'Los Angeles', '5151 State University Drive, Los Angeles, CA 90032'),
('CSU Monterey Bay', 'Seaside', '100 Campus Center, Seaside, CA 93955'),
('CSU Northridge', 'Northridge', '18111 Nordhoff Street, Northridge, CA 91330'),
('CSU Sacramento', 'Sacramento', '6000 J Street, Sacramento, CA 95819'),
('CSU San Bernardino', 'San Bernardino', '5500 University Parkway, San Bernardino, CA 92407'),
('CSU San Marcos', 'San Marcos', '333 S. Twin Oaks Valley Road, San Marcos, CA 92096'),
('CSU Stanislaus', 'Turlock', '1 University Circle, Turlock, CA 95382'),
('Humboldt State University', 'Arcata', '1 Harpst Street, Arcata, CA 95521'),
('San Diego State University', 'San Diego', '5500 Campanile Drive, San Diego, CA 92182'),
('San Francisco State University', 'San Francisco', '1600 Holloway Avenue, San Francisco, CA 94132'),
('San Jose State University', 'San Jose', '1 Washington Square, San Jose, CA 95192'),
('Sonoma State University', 'Rohnert Park', '1801 East Cotati Avenue, Rohnert Park, CA 94928');

-- --------------------------------------------------------

--
-- Table structure for table `arrivesat`
--

CREATE TABLE `arrivesat` (
  `flightNumber` int(255) NOT NULL,
  `school` varchar(100) NOT NULL
) ENGINE=InnoDB DEFAULT CHARSET=latin1;

--
-- Dumping data for table `arrivesat`
--

INSERT INTO `arrivesat` (`flightNumber`, `school`) VALUES
(1004, 'Cal Maritime'),
(1005, 'Cal Poly Pomona'),
(1006, 'Cal Poly San Luis Obispo'),
(1007, 'CSU Bakersfield'),
(1013, 'CSU Channel Islands'),
(1014, 'CSU Chico'),
(1015, 'CSU Dominguez Hills'),
(1016, 'CSU East Bay'),
(1017, 'CSU Fresno'),
(1022, 'CSU Fullerton'),
(1023, 'CSU Long Beach'),
(1024, 'CSU Los Angeles'),
(1025, 'CSU Monterey Bay'),
(1031, 'CSU Northridge'),
(1032, 'CSU Sacramento'),
(1033, 'CSU San Bernardino'),
(1034, 'CSU San Marcos'),
(1035, 'CSU Stanislaus'),
(1040, 'Humboldt State University'),
(1041, 'San Diego State University'),
(1042, 'San Francisco State University'),
(1000, 'San Jose State University'),
(1001, 'San Jose State University'),
(1002, 'San Jose State University'),
(1003, 'San Jose State University'),
(1008, 'San Jose State University'),
(1009, 'San Jose State University'),
(1010, 'San Jose State University'),
(1011, 'San Jose State University'),
(1012, 'San Jose State University'),
(1018, 'San Jose State University'),
(1019, 'San Jose State University'),
(1020, 'San Jose State University'),
(1021, 'San Jose State University'),
(1026, 'San Jose State University'),
(1027, 'San Jose State University'),
(1028, 'San Jose State University'),
(1029, 'San Jose State University'),
(1030, 'San Jose State University'),
(1036, 'San Jose State University'),
(1037, 'San Jose State University'),
(1038, 'San Jose State University'),
(1039, 'San Jose State University'),
(1043, 'Sonoma State University');

-- --------------------------------------------------------

--
-- Table structure for table `company`
--

CREATE TABLE `company` (
  `name` varchar(100) NOT NULL,
  `address` varchar(100) NOT NULL
) ENGINE=InnoDB DEFAULT CHARSET=latin1;

--
-- Dumping data for table `company`
--

INSERT INTO `company` (`name`, `address`) VALUES
('University of California Davis', '1 Shields Avenue, Davis, CA 95616'),
('San Jose State University', '1 Washington Square, San Jose, CA 95192'),
('Miramar College', '10440 Black Mountain Road, San Diego, CA 92126'),
('Mt. San Antonio College', '1100 North Grand Avenue, Walnut, CA 91789'),
('Shasta College', '11555 Old Oregon Trail, Redding, CA 96049'),
('California Institute of Technology', '1200 East California Boulevard, Pasadena, CA 91125'),
('Foothill College', '12345 El Monte Road, Los Altos Hills, CA 94022'),
('Glendale Community College', '1500 North Verdugo Road, Glendale, CA 91208'),
('De Anza College', '21250 Stevens Creek Blvd, Cupertino, CA 95014'),
('University of California Berkley', '2227 Piedmont Avenue, Berkeley, Ca 94720'),
('University of California Irvine', '260 Aldrich Hall, Irvine, CA 92697'),
('Saddleback College', '28000 Marguerite Parkway, Mission Viejo, CA 92692'),
('Cerro Coso Community College', '300 College Heights Boulevard, Ridgecrest, CA 93555'),
('Las Positas College', '3000 Campus Hill Drive, Livermore, CA 94551'),
('University of Southern California', '3551 Trousdale Parkway, Los Angeles, CA 90089'),
('Cal Poly Pomona', '3801 West Temple Avenue, Pomona, CA 91768'),
('Sacramento City College', '3835 Freeport Boulevard, Sacramento, CA 95822'),
('University of California Los Angeles', '405 Hilgard Avenue, Los Angeles, Ca 90024'),
('Stanford University', '450 Serra Mall, Stanford, CA 94305'),
('Long Beach City College', '4901 East Carson Street, Long Beach, CA 90808'),
('Gavilan College', '5055 Santa Teresa Boulevard, Gilroy, CA 95020'),
('CSU Los Angeles', '5151 State University Drive, Los Angeles, CA 90032'),
('San Diego State University', '5500 Campanile Drive, San Diego, CA 92182'),
('College of Alameda', '555 Ralph Appezzato Memorial Parkway, Alameda, CA 94501'),
('Cabrillo College', '6500 Soquel Drive, Aptos, CA 95003'),
('San Bernardino Valley College', '701 South Mount Vernon Avenue, San Bernardino, CA 92410'),
('West Los Angeles College', '9000 Overland Avenue, Culver City, CA 90230'),
('University of California San Diego', '9500 Gilman Drive, La Jolla, CA 92093'),
('Monterey Peninsula College', '980 Fremont Street, Monterey, CA 93940'),
('Reedley College', '995 North Reed Avenue, Reedley, CA 93654');

-- --------------------------------------------------------

--
-- Table structure for table `contains`
--

CREATE TABLE `contains` (
  `flightNumber` int(255) NOT NULL,
  `seat` varchar(3) NOT NULL,
  `serviceClass` varchar(10) NOT NULL
) ENGINE=InnoDB DEFAULT CHARSET=latin1;

--
-- Dumping data for table `contains`
--

INSERT INTO `contains` (`flightNumber`, `seat`, `serviceClass`) VALUES
(1000, '10A', 'Economy'),
(1000, '10B', 'Economy'),
(1000, '10C', 'Economy'),
(1000, '10D', 'Economy'),
(1000, '10E', 'Economy'),
(1000, '10F', 'Economy'),
(1000, '11A', 'Economy'),
(1000, '11B', 'Economy'),
(1000, '11C', 'Economy'),
(1000, '11D', 'Economy'),
(1000, '11E', 'Economy'),
(1000, '11F', 'Economy'),
(1000, '12A', 'Economy'),
(1000, '12B', 'Economy'),
(1000, '12C', 'Economy'),
(1000, '12D', 'Economy'),
(1000, '12E', 'Economy'),
(1000, '12F', 'Economy'),
(1000, '13A', 'Economy'),
(1000, '13B', 'Economy'),
(1000, '13C', 'Economy'),
(1000, '13D', 'Economy'),
(1000, '13E', 'Economy'),
(1000, '13F', 'Economy'),
(1000, '14A', 'Economy'),
(1000, '14B', 'Economy'),
(1000, '14C', 'Economy'),
(1000, '14D', 'Economy'),
(1000, '14E', 'Economy'),
(1000, '14F', 'Economy'),
(1000, '15A', 'Economy'),
(1000, '15B', 'Economy'),
(1000, '15C', 'Economy'),
(1000, '15D', 'Economy'),
(1000, '15E', 'Economy'),
(1000, '15F', 'Economy'),
(1000, '16A', 'Economy'),
(1000, '16B', 'Economy'),
(1000, '16C', 'Economy'),
(1000, '16D', 'Economy'),
(1000, '16E', 'Economy'),
(1000, '16F', 'Economy'),
(1000, '17A', 'Economy'),
(1000, '17B', 'Economy'),
(1000, '17C', 'Economy'),
(1000, '17D', 'Economy'),
(1000, '17E', 'Economy'),
(1000, '17F', 'Economy'),
(1000, '18A', 'Economy'),
(1000, '18B', 'Economy'),
(1000, '18C', 'Economy'),
(1000, '18D', 'Economy'),
(1000, '18E', 'Economy'),
(1000, '18F', 'Economy'),
(1000, '19A', 'Economy'),
(1000, '19B', 'Economy'),
(1000, '19C', 'Economy'),
(1000, '19D', 'Economy'),
(1000, '19E', 'Economy'),
(1000, '19F', 'Economy'),
(1000, '1A', 'First'),
(1000, '1B', 'First'),
(1000, '1C', 'First'),
(1000, '1D', 'First'),
(1000, '2A', 'First'),
(1000, '2B', 'First'),
(1000, '2C', 'First'),
(1000, '2D', 'First'),
(1001, '10A', 'Economy'),
(1001, '10B', 'Economy'),
(1001, '10C', 'Economy'),
(1001, '10D', 'Economy'),
(1001, '10E', 'Economy'),
(1001, '10F', 'Economy'),
(1001, '11A', 'Economy'),
(1001, '11B', 'Economy'),
(1001, '11C', 'Economy'),
(1001, '11D', 'Economy'),
(1001, '11E', 'Economy'),
(1001, '11F', 'Economy'),
(1001, '12A', 'Economy'),
(1001, '12B', 'Economy'),
(1001, '12C', 'Economy'),
(1001, '12D', 'Economy'),
(1001, '12E', 'Economy'),
(1001, '12F', 'Economy'),
(1001, '13A', 'Economy'),
(1001, '13B', 'Economy'),
(1001, '13C', 'Economy'),
(1001, '13D', 'Economy'),
(1001, '13E', 'Economy'),
(1001, '13F', 'Economy'),
(1001, '14A', 'Economy'),
(1001, '14B', 'Economy'),
(1001, '14C', 'Economy'),
(1001, '14D', 'Economy'),
(1001, '14E', 'Economy'),
(1001, '14F', 'Economy'),
(1001, '15A', 'Economy'),
(1001, '15B', 'Economy'),
(1001, '15C', 'Economy'),
(1001, '15D', 'Economy'),
(1001, '15E', 'Economy'),
(1001, '15F', 'Economy'),
(1001, '16A', 'Economy'),
(1001, '16B', 'Economy'),
(1001, '16C', 'Economy'),
(1001, '16D', 'Economy'),
(1001, '16E', 'Economy'),
(1001, '16F', 'Economy'),
(1001, '17A', 'Economy'),
(1001, '17B', 'Economy'),
(1001, '17C', 'Economy'),
(1001, '17D', 'Economy'),
(1001, '17E', 'Economy'),
(1001, '17F', 'Economy'),
(1001, '18A', 'Economy'),
(1001, '18B', 'Economy'),
(1001, '18C', 'Economy'),
(1001, '18D', 'Economy'),
(1001, '18E', 'Economy'),
(1001, '18F', 'Economy'),
(1001, '19A', 'Economy'),
(1001, '19B', 'Economy'),
(1001, '19C', 'Economy'),
(1001, '19D', 'Economy'),
(1001, '19E', 'Economy'),
(1001, '19F', 'Economy'),
(1001, '1A', 'First'),
(1001, '1B', 'First'),
(1001, '1C', 'First'),
(1001, '1D', 'First'),
(1001, '2A', 'First'),
(1001, '2B', 'First'),
(1001, '2C', 'First'),
(1001, '2D', 'First'),
(1002, '10A', 'Economy'),
(1002, '10B', 'Economy'),
(1002, '10C', 'Economy'),
(1002, '10D', 'Economy'),
(1002, '10E', 'Economy'),
(1002, '10F', 'Economy'),
(1002, '11A', 'Economy'),
(1002, '11B', 'Economy'),
(1002, '11C', 'Economy'),
(1002, '11D', 'Economy'),
(1002, '11E', 'Economy'),
(1002, '11F', 'Economy'),
(1002, '12A', 'Economy'),
(1002, '12B', 'Economy'),
(1002, '12C', 'Economy'),
(1002, '12D', 'Economy'),
(1002, '12E', 'Economy'),
(1002, '12F', 'Economy'),
(1002, '13A', 'Economy'),
(1002, '13B', 'Economy'),
(1002, '13C', 'Economy'),
(1002, '13D', 'Economy'),
(1002, '13E', 'Economy'),
(1002, '13F', 'Economy'),
(1002, '14A', 'Economy'),
(1002, '14B', 'Economy'),
(1002, '14C', 'Economy'),
(1002, '14D', 'Economy'),
(1002, '14E', 'Economy'),
(1002, '14F', 'Economy'),
(1002, '15A', 'Economy'),
(1002, '15B', 'Economy'),
(1002, '15C', 'Economy'),
(1002, '15D', 'Economy'),
(1002, '15E', 'Economy'),
(1002, '15F', 'Economy'),
(1002, '16A', 'Economy'),
(1002, '16B', 'Economy'),
(1002, '16C', 'Economy'),
(1002, '16D', 'Economy'),
(1002, '16E', 'Economy'),
(1002, '16F', 'Economy'),
(1002, '17A', 'Economy'),
(1002, '17B', 'Economy'),
(1002, '17C', 'Economy'),
(1002, '17D', 'Economy'),
(1002, '17E', 'Economy'),
(1002, '17F', 'Economy'),
(1002, '18A', 'Economy'),
(1002, '18B', 'Economy'),
(1002, '18C', 'Economy'),
(1002, '18D', 'Economy'),
(1002, '18E', 'Economy'),
(1002, '18F', 'Economy'),
(1002, '19A', 'Economy'),
(1002, '19B', 'Economy'),
(1002, '19C', 'Economy'),
(1002, '19D', 'Economy'),
(1002, '19E', 'Economy'),
(1002, '19F', 'Economy'),
(1002, '1A', 'First'),
(1002, '1B', 'First'),
(1002, '1C', 'First'),
(1002, '1D', 'First'),
(1002, '2A', 'First'),
(1002, '2B', 'First'),
(1002, '2C', 'First'),
(1002, '2D', 'First'),
(1003, '10A', 'Economy'),
(1003, '10B', 'Economy'),
(1003, '10C', 'Economy'),
(1003, '10D', 'Economy'),
(1003, '10E', 'Economy'),
(1003, '10F', 'Economy'),
(1003, '11A', 'Economy'),
(1003, '11B', 'Economy'),
(1003, '11C', 'Economy'),
(1003, '11D', 'Economy'),
(1003, '11E', 'Economy'),
(1003, '11F', 'Economy'),
(1003, '12A', 'Economy'),
(1003, '12B', 'Economy'),
(1003, '12C', 'Economy'),
(1003, '12D', 'Economy'),
(1003, '12E', 'Economy'),
(1003, '12F', 'Economy'),
(1003, '13A', 'Economy'),
(1003, '13B', 'Economy'),
(1003, '13C', 'Economy'),
(1003, '13D', 'Economy'),
(1003, '13E', 'Economy'),
(1003, '13F', 'Economy'),
(1003, '14A', 'Economy'),
(1003, '14B', 'Economy'),
(1003, '14C', 'Economy'),
(1003, '14D', 'Economy'),
(1003, '14E', 'Economy'),
(1003, '14F', 'Economy'),
(1003, '15A', 'Economy'),
(1003, '15B', 'Economy'),
(1003, '15C', 'Economy'),
(1003, '15D', 'Economy'),
(1003, '15E', 'Economy'),
(1003, '15F', 'Economy'),
(1003, '16A', 'Economy'),
(1003, '16B', 'Economy'),
(1003, '16C', 'Economy'),
(1003, '16D', 'Economy'),
(1003, '16E', 'Economy'),
(1003, '16F', 'Economy'),
(1003, '17A', 'Economy'),
(1003, '17B', 'Economy'),
(1003, '17C', 'Economy'),
(1003, '17D', 'Economy'),
(1003, '17E', 'Economy'),
(1003, '17F', 'Economy'),
(1003, '18A', 'Economy'),
(1003, '18B', 'Economy'),
(1003, '18C', 'Economy'),
(1003, '18D', 'Economy'),
(1003, '18E', 'Economy'),
(1003, '18F', 'Economy'),
(1003, '19A', 'Economy'),
(1003, '19B', 'Economy'),
(1003, '19C', 'Economy'),
(1003, '19D', 'Economy'),
(1003, '19E', 'Economy'),
(1003, '19F', 'Economy'),
(1003, '1A', 'First'),
(1003, '1B', 'First'),
(1003, '1C', 'First'),
(1003, '1D', 'First'),
(1003, '2A', 'First'),
(1003, '2B', 'First'),
(1003, '2C', 'First'),
(1003, '2D', 'First'),
(1004, '10A', 'Economy'),
(1004, '10B', 'Economy'),
(1004, '10C', 'Economy'),
(1004, '10D', 'Economy'),
(1004, '10E', 'Economy'),
(1004, '10F', 'Economy'),
(1004, '11A', 'Economy'),
(1004, '11B', 'Economy'),
(1004, '11C', 'Economy'),
(1004, '11D', 'Economy'),
(1004, '11E', 'Economy'),
(1004, '11F', 'Economy'),
(1004, '12A', 'Economy'),
(1004, '12B', 'Economy'),
(1004, '12C', 'Economy'),
(1004, '12D', 'Economy'),
(1004, '12E', 'Economy'),
(1004, '12F', 'Economy'),
(1004, '13A', 'Economy'),
(1004, '13B', 'Economy'),
(1004, '13C', 'Economy'),
(1004, '13D', 'Economy'),
(1004, '13E', 'Economy'),
(1004, '13F', 'Economy'),
(1004, '14A', 'Economy'),
(1004, '14B', 'Economy'),
(1004, '14C', 'Economy'),
(1004, '14D', 'Economy'),
(1004, '14E', 'Economy'),
(1004, '14F', 'Economy'),
(1004, '15A', 'Economy'),
(1004, '15B', 'Economy'),
(1004, '15C', 'Economy'),
(1004, '15D', 'Economy'),
(1004, '15E', 'Economy'),
(1004, '15F', 'Economy'),
(1004, '16A', 'Economy'),
(1004, '16B', 'Economy'),
(1004, '16C', 'Economy'),
(1004, '16D', 'Economy'),
(1004, '16E', 'Economy'),
(1004, '16F', 'Economy'),
(1004, '17A', 'Economy'),
(1004, '17B', 'Economy'),
(1004, '17C', 'Economy'),
(1004, '17D', 'Economy'),
(1004, '17E', 'Economy'),
(1004, '17F', 'Economy'),
(1004, '18A', 'Economy'),
(1004, '18B', 'Economy'),
(1004, '18C', 'Economy'),
(1004, '18D', 'Economy'),
(1004, '18E', 'Economy'),
(1004, '18F', 'Economy'),
(1004, '19A', 'Economy'),
(1004, '19B', 'Economy'),
(1004, '19C', 'Economy'),
(1004, '19D', 'Economy'),
(1004, '19E', 'Economy'),
(1004, '19F', 'Economy'),
(1004, '1A', 'First'),
(1004, '1B', 'First'),
(1004, '1C', 'First'),
(1004, '1D', 'First'),
(1004, '2A', 'First'),
(1004, '2B', 'First'),
(1004, '2C', 'First'),
(1004, '2D', 'First'),
(1005, '10A', 'Economy'),
(1005, '10B', 'Economy'),
(1005, '10C', 'Economy'),
(1005, '10D', 'Economy'),
(1005, '10E', 'Economy'),
(1005, '10F', 'Economy'),
(1005, '11A', 'Economy'),
(1005, '11B', 'Economy'),
(1005, '11C', 'Economy'),
(1005, '11D', 'Economy'),
(1005, '11E', 'Economy'),
(1005, '11F', 'Economy'),
(1005, '12A', 'Economy'),
(1005, '12B', 'Economy'),
(1005, '12C', 'Economy'),
(1005, '12D', 'Economy'),
(1005, '12E', 'Economy'),
(1005, '12F', 'Economy'),
(1005, '13A', 'Economy'),
(1005, '13B', 'Economy'),
(1005, '13C', 'Economy'),
(1005, '13D', 'Economy'),
(1005, '13E', 'Economy'),
(1005, '13F', 'Economy'),
(1005, '14A', 'Economy'),
(1005, '14B', 'Economy'),
(1005, '14C', 'Economy'),
(1005, '14D', 'Economy'),
(1005, '14E', 'Economy'),
(1005, '14F', 'Economy'),
(1005, '15A', 'Economy'),
(1005, '15B', 'Economy'),
(1005, '15C', 'Economy'),
(1005, '15D', 'Economy'),
(1005, '15E', 'Economy'),
(1005, '15F', 'Economy'),
(1005, '16A', 'Economy'),
(1005, '16B', 'Economy'),
(1005, '16C', 'Economy'),
(1005, '16D', 'Economy'),
(1005, '16E', 'Economy'),
(1005, '16F', 'Economy'),
(1005, '17A', 'Economy'),
(1005, '17B', 'Economy'),
(1005, '17C', 'Economy'),
(1005, '17D', 'Economy'),
(1005, '17E', 'Economy'),
(1005, '17F', 'Economy'),
(1005, '18A', 'Economy'),
(1005, '18B', 'Economy'),
(1005, '18C', 'Economy'),
(1005, '18D', 'Economy'),
(1005, '18E', 'Economy'),
(1005, '18F', 'Economy'),
(1005, '19A', 'Economy'),
(1005, '19B', 'Economy'),
(1005, '19C', 'Economy'),
(1005, '19D', 'Economy'),
(1005, '19E', 'Economy'),
(1005, '19F', 'Economy'),
(1005, '1A', 'First'),
(1005, '1B', 'First'),
(1005, '1C', 'First'),
(1005, '1D', 'First'),
(1005, '2A', 'First'),
(1005, '2B', 'First'),
(1005, '2C', 'First'),
(1005, '2D', 'First'),
(1006, '10A', 'Economy'),
(1006, '10B', 'Economy'),
(1006, '10C', 'Economy'),
(1006, '10D', 'Economy'),
(1006, '10E', 'Economy'),
(1006, '10F', 'Economy'),
(1006, '11A', 'Economy'),
(1006, '11B', 'Economy'),
(1006, '11C', 'Economy'),
(1006, '11D', 'Economy'),
(1006, '11E', 'Economy'),
(1006, '11F', 'Economy'),
(1006, '12A', 'Economy'),
(1006, '12B', 'Economy'),
(1006, '12C', 'Economy'),
(1006, '12D', 'Economy'),
(1006, '12E', 'Economy'),
(1006, '12F', 'Economy'),
(1006, '13A', 'Economy'),
(1006, '13B', 'Economy'),
(1006, '13C', 'Economy'),
(1006, '13D', 'Economy'),
(1006, '13E', 'Economy'),
(1006, '13F', 'Economy'),
(1006, '14A', 'Economy'),
(1006, '14B', 'Economy'),
(1006, '14C', 'Economy'),
(1006, '14D', 'Economy'),
(1006, '14E', 'Economy'),
(1006, '14F', 'Economy'),
(1006, '15A', 'Economy'),
(1006, '15B', 'Economy'),
(1006, '15C', 'Economy'),
(1006, '15D', 'Economy'),
(1006, '15E', 'Economy'),
(1006, '15F', 'Economy'),
(1006, '16A', 'Economy'),
(1006, '16B', 'Economy'),
(1006, '16C', 'Economy'),
(1006, '16D', 'Economy'),
(1006, '16E', 'Economy'),
(1006, '16F', 'Economy'),
(1006, '17A', 'Economy'),
(1006, '17B', 'Economy'),
(1006, '17C', 'Economy'),
(1006, '17D', 'Economy'),
(1006, '17E', 'Economy'),
(1006, '17F', 'Economy'),
(1006, '18A', 'Economy'),
(1006, '18B', 'Economy'),
(1006, '18C', 'Economy'),
(1006, '18D', 'Economy'),
(1006, '18E', 'Economy'),
(1006, '18F', 'Economy'),
(1006, '19A', 'Economy'),
(1006, '19B', 'Economy'),
(1006, '19C', 'Economy'),
(1006, '19D', 'Economy'),
(1006, '19E', 'Economy'),
(1006, '19F', 'Economy'),
(1006, '1A', 'First'),
(1006, '1B', 'First'),
(1006, '1C', 'First'),
(1006, '1D', 'First'),
(1006, '2A', 'First'),
(1006, '2B', 'First'),
(1006, '2C', 'First'),
(1006, '2D', 'First'),
(1007, '10A', 'Economy'),
(1007, '10B', 'Economy'),
(1007, '10C', 'Economy'),
(1007, '10D', 'Economy'),
(1007, '10E', 'Economy'),
(1007, '10F', 'Economy'),
(1007, '11A', 'Economy'),
(1007, '11B', 'Economy'),
(1007, '11C', 'Economy'),
(1007, '11D', 'Economy'),
(1007, '11E', 'Economy'),
(1007, '11F', 'Economy'),
(1007, '12A', 'Economy'),
(1007, '12B', 'Economy'),
(1007, '12C', 'Economy'),
(1007, '12D', 'Economy'),
(1007, '12E', 'Economy'),
(1007, '12F', 'Economy'),
(1007, '13A', 'Economy'),
(1007, '13B', 'Economy'),
(1007, '13C', 'Economy'),
(1007, '13D', 'Economy'),
(1007, '13E', 'Economy'),
(1007, '13F', 'Economy'),
(1007, '14A', 'Economy'),
(1007, '14B', 'Economy'),
(1007, '14C', 'Economy'),
(1007, '14D', 'Economy'),
(1007, '14E', 'Economy'),
(1007, '14F', 'Economy'),
(1007, '15A', 'Economy'),
(1007, '15B', 'Economy'),
(1007, '15C', 'Economy'),
(1007, '15D', 'Economy'),
(1007, '15E', 'Economy'),
(1007, '15F', 'Economy'),
(1007, '16A', 'Economy'),
(1007, '16B', 'Economy'),
(1007, '16C', 'Economy'),
(1007, '16D', 'Economy'),
(1007, '16E', 'Economy'),
(1007, '16F', 'Economy'),
(1007, '17A', 'Economy'),
(1007, '17B', 'Economy'),
(1007, '17C', 'Economy'),
(1007, '17D', 'Economy'),
(1007, '17E', 'Economy'),
(1007, '17F', 'Economy'),
(1007, '18A', 'Economy'),
(1007, '18B', 'Economy'),
(1007, '18C', 'Economy'),
(1007, '18D', 'Economy'),
(1007, '18E', 'Economy'),
(1007, '18F', 'Economy'),
(1007, '19A', 'Economy'),
(1007, '19B', 'Economy'),
(1007, '19C', 'Economy'),
(1007, '19D', 'Economy'),
(1007, '19E', 'Economy'),
(1007, '19F', 'Economy'),
(1007, '1A', 'First'),
(1007, '1B', 'First'),
(1007, '1C', 'First'),
(1007, '1D', 'First'),
(1007, '2A', 'First'),
(1007, '2B', 'First'),
(1007, '2C', 'First'),
(1007, '2D', 'First'),
(1008, '10A', 'Economy'),
(1008, '10B', 'Economy'),
(1008, '10C', 'Economy'),
(1008, '10D', 'Economy'),
(1008, '10E', 'Economy'),
(1008, '10F', 'Economy'),
(1008, '11A', 'Economy'),
(1008, '11B', 'Economy'),
(1008, '11C', 'Economy'),
(1008, '11D', 'Economy'),
(1008, '11E', 'Economy'),
(1008, '11F', 'Economy'),
(1008, '12A', 'Economy'),
(1008, '12B', 'Economy'),
(1008, '12C', 'Economy'),
(1008, '12D', 'Economy'),
(1008, '12E', 'Economy'),
(1008, '12F', 'Economy'),
(1008, '13A', 'Economy'),
(1008, '13B', 'Economy'),
(1008, '13C', 'Economy'),
(1008, '13D', 'Economy'),
(1008, '13E', 'Economy'),
(1008, '13F', 'Economy'),
(1008, '14A', 'Economy'),
(1008, '14B', 'Economy'),
(1008, '14C', 'Economy'),
(1008, '14D', 'Economy'),
(1008, '14E', 'Economy'),
(1008, '14F', 'Economy'),
(1008, '15A', 'Economy'),
(1008, '15B', 'Economy'),
(1008, '15C', 'Economy'),
(1008, '15D', 'Economy'),
(1008, '15E', 'Economy'),
(1008, '15F', 'Economy'),
(1008, '16A', 'Economy'),
(1008, '16B', 'Economy'),
(1008, '16C', 'Economy'),
(1008, '16D', 'Economy'),
(1008, '16E', 'Economy'),
(1008, '16F', 'Economy'),
(1008, '17A', 'Economy'),
(1008, '17B', 'Economy'),
(1008, '17C', 'Economy'),
(1008, '17D', 'Economy'),
(1008, '17E', 'Economy'),
(1008, '17F', 'Economy'),
(1008, '18A', 'Economy'),
(1008, '18B', 'Economy'),
(1008, '18C', 'Economy'),
(1008, '18D', 'Economy'),
(1008, '18E', 'Economy'),
(1008, '18F', 'Economy'),
(1008, '19A', 'Economy'),
(1008, '19B', 'Economy'),
(1008, '19C', 'Economy'),
(1008, '19D', 'Economy'),
(1008, '19E', 'Economy'),
(1008, '19F', 'Economy'),
(1008, '1A', 'First'),
(1008, '1B', 'First'),
(1008, '1C', 'First'),
(1008, '1D', 'First'),
(1008, '2A', 'First'),
(1008, '2B', 'First'),
(1008, '2C', 'First'),
(1008, '2D', 'First'),
(1009, '10A', 'Economy'),
(1009, '10B', 'Economy'),
(1009, '10C', 'Economy'),
(1009, '10D', 'Economy'),
(1009, '10E', 'Economy'),
(1009, '10F', 'Economy'),
(1009, '11A', 'Economy'),
(1009, '11B', 'Economy'),
(1009, '11C', 'Economy'),
(1009, '11D', 'Economy'),
(1009, '11E', 'Economy'),
(1009, '11F', 'Economy'),
(1009, '12A', 'Economy'),
(1009, '12B', 'Economy'),
(1009, '12C', 'Economy'),
(1009, '12D', 'Economy'),
(1009, '12E', 'Economy'),
(1009, '12F', 'Economy'),
(1009, '13A', 'Economy'),
(1009, '13B', 'Economy'),
(1009, '13C', 'Economy'),
(1009, '13D', 'Economy'),
(1009, '13E', 'Economy'),
(1009, '13F', 'Economy'),
(1009, '14A', 'Economy'),
(1009, '14B', 'Economy'),
(1009, '14C', 'Economy'),
(1009, '14D', 'Economy'),
(1009, '14E', 'Economy'),
(1009, '14F', 'Economy'),
(1009, '15A', 'Economy'),
(1009, '15B', 'Economy'),
(1009, '15C', 'Economy'),
(1009, '15D', 'Economy'),
(1009, '15E', 'Economy'),
(1009, '15F', 'Economy'),
(1009, '16A', 'Economy'),
(1009, '16B', 'Economy'),
(1009, '16C', 'Economy'),
(1009, '16D', 'Economy'),
(1009, '16E', 'Economy'),
(1009, '16F', 'Economy'),
(1009, '17A', 'Economy'),
(1009, '17B', 'Economy'),
(1009, '17C', 'Economy'),
(1009, '17D', 'Economy'),
(1009, '17E', 'Economy'),
(1009, '17F', 'Economy'),
(1009, '18A', 'Economy'),
(1009, '18B', 'Economy'),
(1009, '18C', 'Economy'),
(1009, '18D', 'Economy'),
(1009, '18E', 'Economy'),
(1009, '18F', 'Economy'),
(1009, '19A', 'Economy'),
(1009, '19B', 'Economy'),
(1009, '19C', 'Economy'),
(1009, '19D', 'Economy'),
(1009, '19E', 'Economy'),
(1009, '19F', 'Economy'),
(1009, '1A', 'First'),
(1009, '1B', 'First'),
(1009, '1C', 'First'),
(1009, '1D', 'First'),
(1009, '2A', 'First'),
(1009, '2B', 'First'),
(1009, '2C', 'First'),
(1009, '2D', 'First'),
(1010, '10A', 'Economy'),
(1010, '10B', 'Economy'),
(1010, '10C', 'Economy'),
(1010, '10D', 'Economy'),
(1010, '10E', 'Economy'),
(1010, '10F', 'Economy'),
(1010, '11A', 'Economy'),
(1010, '11B', 'Economy'),
(1010, '11C', 'Economy'),
(1010, '11D', 'Economy'),
(1010, '11E', 'Economy'),
(1010, '11F', 'Economy'),
(1010, '12A', 'Economy'),
(1010, '12B', 'Economy'),
(1010, '12C', 'Economy'),
(1010, '12D', 'Economy'),
(1010, '12E', 'Economy'),
(1010, '12F', 'Economy'),
(1010, '13A', 'Economy'),
(1010, '13B', 'Economy'),
(1010, '13C', 'Economy'),
(1010, '13D', 'Economy'),
(1010, '13E', 'Economy'),
(1010, '13F', 'Economy'),
(1010, '14A', 'Economy'),
(1010, '14B', 'Economy'),
(1010, '14C', 'Economy'),
(1010, '14D', 'Economy'),
(1010, '14E', 'Economy'),
(1010, '14F', 'Economy'),
(1010, '15A', 'Economy'),
(1010, '15B', 'Economy'),
(1010, '15C', 'Economy'),
(1010, '15D', 'Economy'),
(1010, '15E', 'Economy'),
(1010, '15F', 'Economy'),
(1010, '16A', 'Economy'),
(1010, '16B', 'Economy'),
(1010, '16C', 'Economy'),
(1010, '16D', 'Economy'),
(1010, '16E', 'Economy'),
(1010, '16F', 'Economy'),
(1010, '17A', 'Economy'),
(1010, '17B', 'Economy'),
(1010, '17C', 'Economy'),
(1010, '17D', 'Economy'),
(1010, '17E', 'Economy'),
(1010, '17F', 'Economy'),
(1010, '18A', 'Economy'),
(1010, '18B', 'Economy'),
(1010, '18C', 'Economy'),
(1010, '18D', 'Economy'),
(1010, '18E', 'Economy'),
(1010, '18F', 'Economy'),
(1010, '19A', 'Economy'),
(1010, '19B', 'Economy'),
(1010, '19C', 'Economy'),
(1010, '19D', 'Economy'),
(1010, '19E', 'Economy'),
(1010, '19F', 'Economy'),
(1010, '1A', 'First'),
(1010, '1B', 'First'),
(1010, '1C', 'First'),
(1010, '1D', 'First'),
(1010, '2A', 'First'),
(1010, '2B', 'First'),
(1010, '2C', 'First'),
(1010, '2D', 'First'),
(1011, '10A', 'Economy'),
(1011, '10B', 'Economy'),
(1011, '10C', 'Economy'),
(1011, '10D', 'Economy'),
(1011, '10E', 'Economy'),
(1011, '10F', 'Economy'),
(1011, '11A', 'Economy'),
(1011, '11B', 'Economy'),
(1011, '11C', 'Economy'),
(1011, '11D', 'Economy'),
(1011, '11E', 'Economy'),
(1011, '11F', 'Economy'),
(1011, '12A', 'Economy'),
(1011, '12B', 'Economy'),
(1011, '12C', 'Economy'),
(1011, '12D', 'Economy'),
(1011, '12E', 'Economy'),
(1011, '12F', 'Economy'),
(1011, '13A', 'Economy'),
(1011, '13B', 'Economy'),
(1011, '13C', 'Economy'),
(1011, '13D', 'Economy'),
(1011, '13E', 'Economy'),
(1011, '13F', 'Economy'),
(1011, '14A', 'Economy'),
(1011, '14B', 'Economy'),
(1011, '14C', 'Economy'),
(1011, '14D', 'Economy'),
(1011, '14E', 'Economy'),
(1011, '14F', 'Economy'),
(1011, '15A', 'Economy'),
(1011, '15B', 'Economy'),
(1011, '15C', 'Economy'),
(1011, '15D', 'Economy'),
(1011, '15E', 'Economy'),
(1011, '15F', 'Economy'),
(1011, '16A', 'Economy'),
(1011, '16B', 'Economy'),
(1011, '16C', 'Economy'),
(1011, '16D', 'Economy'),
(1011, '16E', 'Economy'),
(1011, '16F', 'Economy'),
(1011, '17A', 'Economy'),
(1011, '17B', 'Economy'),
(1011, '17C', 'Economy'),
(1011, '17D', 'Economy'),
(1011, '17E', 'Economy'),
(1011, '17F', 'Economy'),
(1011, '18A', 'Economy'),
(1011, '18B', 'Economy'),
(1011, '18C', 'Economy'),
(1011, '18D', 'Economy'),
(1011, '18E', 'Economy'),
(1011, '18F', 'Economy'),
(1011, '19A', 'Economy'),
(1011, '19B', 'Economy'),
(1011, '19C', 'Economy'),
(1011, '19D', 'Economy'),
(1011, '19E', 'Economy'),
(1011, '19F', 'Economy'),
(1011, '1A', 'First'),
(1011, '1B', 'First'),
(1011, '1C', 'First'),
(1011, '1D', 'First'),
(1011, '2A', 'First'),
(1011, '2B', 'First'),
(1011, '2C', 'First'),
(1011, '2D', 'First'),
(1012, '10A', 'Economy'),
(1012, '10B', 'Economy'),
(1012, '10C', 'Economy'),
(1012, '10D', 'Economy'),
(1012, '10E', 'Economy'),
(1012, '10F', 'Economy'),
(1012, '11A', 'Economy'),
(1012, '11B', 'Economy'),
(1012, '11C', 'Economy'),
(1012, '11D', 'Economy'),
(1012, '11E', 'Economy'),
(1012, '11F', 'Economy'),
(1012, '12A', 'Economy'),
(1012, '12B', 'Economy'),
(1012, '12C', 'Economy'),
(1012, '12D', 'Economy'),
(1012, '12E', 'Economy'),
(1012, '12F', 'Economy'),
(1012, '13A', 'Economy'),
(1012, '13B', 'Economy'),
(1012, '13C', 'Economy'),
(1012, '13D', 'Economy'),
(1012, '13E', 'Economy'),
(1012, '13F', 'Economy'),
(1012, '14A', 'Economy'),
(1012, '14B', 'Economy'),
(1012, '14C', 'Economy'),
(1012, '14D', 'Economy'),
(1012, '14E', 'Economy'),
(1012, '14F', 'Economy'),
(1012, '15A', 'Economy'),
(1012, '15B', 'Economy'),
(1012, '15C', 'Economy'),
(1012, '15D', 'Economy'),
(1012, '15E', 'Economy'),
(1012, '15F', 'Economy'),
(1012, '16A', 'Economy'),
(1012, '16B', 'Economy'),
(1012, '16C', 'Economy'),
(1012, '16D', 'Economy'),
(1012, '16E', 'Economy'),
(1012, '16F', 'Economy'),
(1012, '17A', 'Economy'),
(1012, '17B', 'Economy'),
(1012, '17C', 'Economy'),
(1012, '17D', 'Economy'),
(1012, '17E', 'Economy'),
(1012, '17F', 'Economy'),
(1012, '18A', 'Economy'),
(1012, '18B', 'Economy'),
(1012, '18C', 'Economy'),
(1012, '18D', 'Economy'),
(1012, '18E', 'Economy'),
(1012, '18F', 'Economy'),
(1012, '19A', 'Economy'),
(1012, '19B', 'Economy'),
(1012, '19C', 'Economy'),
(1012, '19D', 'Economy'),
(1012, '19E', 'Economy'),
(1012, '19F', 'Economy'),
(1012, '1A', 'First'),
(1012, '1B', 'First'),
(1012, '1C', 'First'),
(1012, '1D', 'First'),
(1012, '2A', 'First'),
(1012, '2B', 'First'),
(1012, '2C', 'First'),
(1012, '2D', 'First'),
(1013, '10A', 'Economy'),
(1013, '10B', 'Economy'),
(1013, '10C', 'Economy'),
(1013, '10D', 'Economy'),
(1013, '10E', 'Economy'),
(1013, '10F', 'Economy'),
(1013, '11A', 'Economy'),
(1013, '11B', 'Economy'),
(1013, '11C', 'Economy'),
(1013, '11D', 'Economy'),
(1013, '11E', 'Economy'),
(1013, '11F', 'Economy'),
(1013, '12A', 'Economy'),
(1013, '12B', 'Economy'),
(1013, '12C', 'Economy'),
(1013, '12D', 'Economy'),
(1013, '12E', 'Economy'),
(1013, '12F', 'Economy'),
(1013, '13A', 'Economy'),
(1013, '13B', 'Economy'),
(1013, '13C', 'Economy'),
(1013, '13D', 'Economy'),
(1013, '13E', 'Economy'),
(1013, '13F', 'Economy'),
(1013, '14A', 'Economy'),
(1013, '14B', 'Economy'),
(1013, '14C', 'Economy'),
(1013, '14D', 'Economy'),
(1013, '14E', 'Economy'),
(1013, '14F', 'Economy'),
(1013, '15A', 'Economy'),
(1013, '15B', 'Economy'),
(1013, '15C', 'Economy'),
(1013, '15D', 'Economy'),
(1013, '15E', 'Economy'),
(1013, '15F', 'Economy'),
(1013, '16A', 'Economy'),
(1013, '16B', 'Economy'),
(1013, '16C', 'Economy'),
(1013, '16D', 'Economy'),
(1013, '16E', 'Economy'),
(1013, '16F', 'Economy'),
(1013, '17A', 'Economy'),
(1013, '17B', 'Economy'),
(1013, '17C', 'Economy'),
(1013, '17D', 'Economy'),
(1013, '17E', 'Economy'),
(1013, '17F', 'Economy'),
(1013, '18A', 'Economy'),
(1013, '18B', 'Economy'),
(1013, '18C', 'Economy'),
(1013, '18D', 'Economy'),
(1013, '18E', 'Economy'),
(1013, '18F', 'Economy'),
(1013, '19A', 'Economy'),
(1013, '19B', 'Economy'),
(1013, '19C', 'Economy'),
(1013, '19D', 'Economy'),
(1013, '19E', 'Economy'),
(1013, '19F', 'Economy'),
(1013, '1A', 'First'),
(1013, '1B', 'First'),
(1013, '1C', 'First'),
(1013, '1D', 'First'),
(1013, '2A', 'First'),
(1013, '2B', 'First'),
(1013, '2C', 'First'),
(1013, '2D', 'First'),
(1014, '10A', 'Economy'),
(1014, '10B', 'Economy'),
(1014, '10C', 'Economy'),
(1014, '10D', 'Economy'),
(1014, '10E', 'Economy'),
(1014, '10F', 'Economy'),
(1014, '11A', 'Economy'),
(1014, '11B', 'Economy'),
(1014, '11C', 'Economy'),
(1014, '11D', 'Economy'),
(1014, '11E', 'Economy'),
(1014, '11F', 'Economy'),
(1014, '12A', 'Economy'),
(1014, '12B', 'Economy'),
(1014, '12C', 'Economy'),
(1014, '12D', 'Economy'),
(1014, '12E', 'Economy'),
(1014, '12F', 'Economy'),
(1014, '13A', 'Economy'),
(1014, '13B', 'Economy'),
(1014, '13C', 'Economy'),
(1014, '13D', 'Economy'),
(1014, '13E', 'Economy'),
(1014, '13F', 'Economy'),
(1014, '14A', 'Economy'),
(1014, '14B', 'Economy'),
(1014, '14C', 'Economy'),
(1014, '14D', 'Economy'),
(1014, '14E', 'Economy'),
(1014, '14F', 'Economy'),
(1014, '15A', 'Economy'),
(1014, '15B', 'Economy'),
(1014, '15C', 'Economy'),
(1014, '15D', 'Economy'),
(1014, '15E', 'Economy'),
(1014, '15F', 'Economy'),
(1014, '16A', 'Economy'),
(1014, '16B', 'Economy'),
(1014, '16C', 'Economy'),
(1014, '16D', 'Economy'),
(1014, '16E', 'Economy'),
(1014, '16F', 'Economy'),
(1014, '17A', 'Economy'),
(1014, '17B', 'Economy'),
(1014, '17C', 'Economy'),
(1014, '17D', 'Economy'),
(1014, '17E', 'Economy'),
(1014, '17F', 'Economy'),
(1014, '18A', 'Economy'),
(1014, '18B', 'Economy'),
(1014, '18C', 'Economy'),
(1014, '18D', 'Economy'),
(1014, '18E', 'Economy'),
(1014, '18F', 'Economy'),
(1014, '19A', 'Economy'),
(1014, '19B', 'Economy'),
(1014, '19C', 'Economy'),
(1014, '19D', 'Economy'),
(1014, '19E', 'Economy'),
(1014, '19F', 'Economy'),
(1014, '1A', 'First'),
(1014, '1B', 'First'),
(1014, '1C', 'First'),
(1014, '1D', 'First'),
(1014, '2A', 'First'),
(1014, '2B', 'First'),
(1014, '2C', 'First'),
(1014, '2D', 'First'),
(1015, '10A', 'Economy'),
(1015, '10B', 'Economy'),
(1015, '10C', 'Economy'),
(1015, '10D', 'Economy'),
(1015, '10E', 'Economy'),
(1015, '10F', 'Economy'),
(1015, '11A', 'Economy'),
(1015, '11B', 'Economy'),
(1015, '11C', 'Economy'),
(1015, '11D', 'Economy'),
(1015, '11E', 'Economy'),
(1015, '11F', 'Economy'),
(1015, '12A', 'Economy'),
(1015, '12B', 'Economy'),
(1015, '12C', 'Economy'),
(1015, '12D', 'Economy'),
(1015, '12E', 'Economy'),
(1015, '12F', 'Economy'),
(1015, '13A', 'Economy'),
(1015, '13B', 'Economy'),
(1015, '13C', 'Economy'),
(1015, '13D', 'Economy'),
(1015, '13E', 'Economy'),
(1015, '13F', 'Economy'),
(1015, '14A', 'Economy'),
(1015, '14B', 'Economy'),
(1015, '14C', 'Economy'),
(1015, '14D', 'Economy'),
(1015, '14E', 'Economy'),
(1015, '14F', 'Economy'),
(1015, '15A', 'Economy'),
(1015, '15B', 'Economy'),
(1015, '15C', 'Economy'),
(1015, '15D', 'Economy'),
(1015, '15E', 'Economy'),
(1015, '15F', 'Economy'),
(1015, '16A', 'Economy'),
(1015, '16B', 'Economy'),
(1015, '16C', 'Economy'),
(1015, '16D', 'Economy'),
(1015, '16E', 'Economy'),
(1015, '16F', 'Economy'),
(1015, '17A', 'Economy'),
(1015, '17B', 'Economy'),
(1015, '17C', 'Economy'),
(1015, '17D', 'Economy'),
(1015, '17E', 'Economy'),
(1015, '17F', 'Economy'),
(1015, '18A', 'Economy'),
(1015, '18B', 'Economy'),
(1015, '18C', 'Economy'),
(1015, '18D', 'Economy'),
(1015, '18E', 'Economy'),
(1015, '18F', 'Economy'),
(1015, '19A', 'Economy'),
(1015, '19B', 'Economy'),
(1015, '19C', 'Economy'),
(1015, '19D', 'Economy'),
(1015, '19E', 'Economy'),
(1015, '19F', 'Economy'),
(1015, '1A', 'First'),
(1015, '1B', 'First'),
(1015, '1C', 'First'),
(1015, '1D', 'First'),
(1015, '2A', 'First'),
(1015, '2B', 'First'),
(1015, '2C', 'First'),
(1015, '2D', 'First'),
(1016, '10A', 'Economy'),
(1016, '10B', 'Economy'),
(1016, '10C', 'Economy'),
(1016, '10D', 'Economy'),
(1016, '10E', 'Economy'),
(1016, '10F', 'Economy'),
(1016, '11A', 'Economy'),
(1016, '11B', 'Economy'),
(1016, '11C', 'Economy'),
(1016, '11D', 'Economy'),
(1016, '11E', 'Economy'),
(1016, '11F', 'Economy'),
(1016, '12A', 'Economy'),
(1016, '12B', 'Economy'),
(1016, '12C', 'Economy'),
(1016, '12D', 'Economy'),
(1016, '12E', 'Economy'),
(1016, '12F', 'Economy'),
(1016, '13A', 'Economy'),
(1016, '13B', 'Economy'),
(1016, '13C', 'Economy'),
(1016, '13D', 'Economy'),
(1016, '13E', 'Economy'),
(1016, '13F', 'Economy'),
(1016, '14A', 'Economy'),
(1016, '14B', 'Economy'),
(1016, '14C', 'Economy'),
(1016, '14D', 'Economy'),
(1016, '14E', 'Economy'),
(1016, '14F', 'Economy'),
(1016, '15A', 'Economy'),
(1016, '15B', 'Economy'),
(1016, '15C', 'Economy'),
(1016, '15D', 'Economy'),
(1016, '15E', 'Economy'),
(1016, '15F', 'Economy'),
(1016, '16A', 'Economy'),
(1016, '16B', 'Economy'),
(1016, '16C', 'Economy'),
(1016, '16D', 'Economy'),
(1016, '16E', 'Economy'),
(1016, '16F', 'Economy'),
(1016, '17A', 'Economy'),
(1016, '17B', 'Economy'),
(1016, '17C', 'Economy'),
(1016, '17D', 'Economy'),
(1016, '17E', 'Economy'),
(1016, '17F', 'Economy'),
(1016, '18A', 'Economy'),
(1016, '18B', 'Economy'),
(1016, '18C', 'Economy'),
(1016, '18D', 'Economy'),
(1016, '18E', 'Economy'),
(1016, '18F', 'Economy'),
(1016, '19A', 'Economy'),
(1016, '19B', 'Economy'),
(1016, '19C', 'Economy'),
(1016, '19D', 'Economy'),
(1016, '19E', 'Economy'),
(1016, '19F', 'Economy'),
(1016, '1A', 'First'),
(1016, '1B', 'First'),
(1016, '1C', 'First'),
(1016, '1D', 'First'),
(1016, '2A', 'First'),
(1016, '2B', 'First'),
(1016, '2C', 'First'),
(1016, '2D', 'First'),
(1017, '10A', 'Economy'),
(1017, '10B', 'Economy'),
(1017, '10C', 'Economy'),
(1017, '10D', 'Economy'),
(1017, '10E', 'Economy'),
(1017, '10F', 'Economy'),
(1017, '11A', 'Economy'),
(1017, '11B', 'Economy'),
(1017, '11C', 'Economy'),
(1017, '11D', 'Economy'),
(1017, '11E', 'Economy'),
(1017, '11F', 'Economy'),
(1017, '12A', 'Economy'),
(1017, '12B', 'Economy'),
(1017, '12C', 'Economy'),
(1017, '12D', 'Economy'),
(1017, '12E', 'Economy'),
(1017, '12F', 'Economy'),
(1017, '13A', 'Economy'),
(1017, '13B', 'Economy'),
(1017, '13C', 'Economy'),
(1017, '13D', 'Economy'),
(1017, '13E', 'Economy'),
(1017, '13F', 'Economy'),
(1017, '14A', 'Economy'),
(1017, '14B', 'Economy'),
(1017, '14C', 'Economy'),
(1017, '14D', 'Economy'),
(1017, '14E', 'Economy'),
(1017, '14F', 'Economy'),
(1017, '15A', 'Economy'),
(1017, '15B', 'Economy'),
(1017, '15C', 'Economy'),
(1017, '15D', 'Economy'),
(1017, '15E', 'Economy'),
(1017, '15F', 'Economy'),
(1017, '16A', 'Economy'),
(1017, '16B', 'Economy'),
(1017, '16C', 'Economy'),
(1017, '16D', 'Economy'),
(1017, '16E', 'Economy'),
(1017, '16F', 'Economy'),
(1017, '17A', 'Economy'),
(1017, '17B', 'Economy'),
(1017, '17C', 'Economy'),
(1017, '17D', 'Economy'),
(1017, '17E', 'Economy'),
(1017, '17F', 'Economy'),
(1017, '18A', 'Economy'),
(1017, '18B', 'Economy'),
(1017, '18C', 'Economy'),
(1017, '18D', 'Economy'),
(1017, '18E', 'Economy'),
(1017, '18F', 'Economy'),
(1017, '19A', 'Economy'),
(1017, '19B', 'Economy'),
(1017, '19C', 'Economy'),
(1017, '19D', 'Economy'),
(1017, '19E', 'Economy'),
(1017, '19F', 'Economy'),
(1017, '1A', 'First'),
(1017, '1B', 'First'),
(1017, '1C', 'First'),
(1017, '1D', 'First'),
(1017, '2A', 'First'),
(1017, '2B', 'First'),
(1017, '2C', 'First'),
(1017, '2D', 'First'),
(1018, '10A', 'Economy'),
(1018, '10B', 'Economy'),
(1018, '10C', 'Economy'),
(1018, '10D', 'Economy'),
(1018, '10E', 'Economy'),
(1018, '10F', 'Economy'),
(1018, '11A', 'Economy'),
(1018, '11B', 'Economy'),
(1018, '11C', 'Economy'),
(1018, '11D', 'Economy'),
(1018, '11E', 'Economy'),
(1018, '11F', 'Economy'),
(1018, '12A', 'Economy'),
(1018, '12B', 'Economy'),
(1018, '12C', 'Economy'),
(1018, '12D', 'Economy'),
(1018, '12E', 'Economy'),
(1018, '12F', 'Economy'),
(1018, '13A', 'Economy'),
(1018, '13B', 'Economy'),
(1018, '13C', 'Economy'),
(1018, '13D', 'Economy'),
(1018, '13E', 'Economy'),
(1018, '13F', 'Economy'),
(1018, '14A', 'Economy'),
(1018, '14B', 'Economy'),
(1018, '14C', 'Economy'),
(1018, '14D', 'Economy'),
(1018, '14E', 'Economy'),
(1018, '14F', 'Economy'),
(1018, '15A', 'Economy'),
(1018, '15B', 'Economy'),
(1018, '15C', 'Economy'),
(1018, '15D', 'Economy'),
(1018, '15E', 'Economy'),
(1018, '15F', 'Economy'),
(1018, '16A', 'Economy'),
(1018, '16B', 'Economy'),
(1018, '16C', 'Economy'),
(1018, '16D', 'Economy'),
(1018, '16E', 'Economy'),
(1018, '16F', 'Economy'),
(1018, '17A', 'Economy'),
(1018, '17B', 'Economy'),
(1018, '17C', 'Economy'),
(1018, '17D', 'Economy'),
(1018, '17E', 'Economy'),
(1018, '17F', 'Economy'),
(1018, '18A', 'Economy'),
(1018, '18B', 'Economy'),
(1018, '18C', 'Economy'),
(1018, '18D', 'Economy'),
(1018, '18E', 'Economy'),
(1018, '18F', 'Economy'),
(1018, '19A', 'Economy'),
(1018, '19B', 'Economy'),
(1018, '19C', 'Economy'),
(1018, '19D', 'Economy'),
(1018, '19E', 'Economy'),
(1018, '19F', 'Economy'),
(1018, '1A', 'First'),
(1018, '1B', 'First'),
(1018, '1C', 'First'),
(1018, '1D', 'First'),
(1018, '2A', 'First'),
(1018, '2B', 'First'),
(1018, '2C', 'First'),
(1018, '2D', 'First'),
(1019, '10A', 'Economy'),
(1019, '10B', 'Economy'),
(1019, '10C', 'Economy'),
(1019, '10D', 'Economy'),
(1019, '10E', 'Economy'),
(1019, '10F', 'Economy'),
(1019, '11A', 'Economy'),
(1019, '11B', 'Economy'),
(1019, '11C', 'Economy'),
(1019, '11D', 'Economy'),
(1019, '11E', 'Economy'),
(1019, '11F', 'Economy'),
(1019, '12A', 'Economy'),
(1019, '12B', 'Economy'),
(1019, '12C', 'Economy'),
(1019, '12D', 'Economy'),
(1019, '12E', 'Economy'),
(1019, '12F', 'Economy'),
(1019, '13A', 'Economy'),
(1019, '13B', 'Economy'),
(1019, '13C', 'Economy'),
(1019, '13D', 'Economy'),
(1019, '13E', 'Economy'),
(1019, '13F', 'Economy'),
(1019, '14A', 'Economy'),
(1019, '14B', 'Economy'),
(1019, '14C', 'Economy'),
(1019, '14D', 'Economy'),
(1019, '14E', 'Economy'),
(1019, '14F', 'Economy'),
(1019, '15A', 'Economy'),
(1019, '15B', 'Economy'),
(1019, '15C', 'Economy'),
(1019, '15D', 'Economy'),
(1019, '15E', 'Economy'),
(1019, '15F', 'Economy'),
(1019, '16A', 'Economy'),
(1019, '16B', 'Economy'),
(1019, '16C', 'Economy'),
(1019, '16D', 'Economy'),
(1019, '16E', 'Economy'),
(1019, '16F', 'Economy'),
(1019, '17A', 'Economy'),
(1019, '17B', 'Economy'),
(1019, '17C', 'Economy'),
(1019, '17D', 'Economy'),
(1019, '17E', 'Economy'),
(1019, '17F', 'Economy'),
(1019, '18A', 'Economy'),
(1019, '18B', 'Economy'),
(1019, '18C', 'Economy'),
(1019, '18D', 'Economy'),
(1019, '18E', 'Economy'),
(1019, '18F', 'Economy'),
(1019, '19A', 'Economy'),
(1019, '19B', 'Economy'),
(1019, '19C', 'Economy'),
(1019, '19D', 'Economy'),
(1019, '19E', 'Economy'),
(1019, '19F', 'Economy'),
(1019, '1A', 'First'),
(1019, '1B', 'First'),
(1019, '1C', 'First'),
(1019, '1D', 'First'),
(1019, '2A', 'First'),
(1019, '2B', 'First'),
(1019, '2C', 'First'),
(1019, '2D', 'First'),
(1020, '10A', 'Economy'),
(1020, '10B', 'Economy'),
(1020, '10C', 'Economy'),
(1020, '10D', 'Economy'),
(1020, '10E', 'Economy'),
(1020, '10F', 'Economy'),
(1020, '11A', 'Economy'),
(1020, '11B', 'Economy'),
(1020, '11C', 'Economy'),
(1020, '11D', 'Economy'),
(1020, '11E', 'Economy'),
(1020, '11F', 'Economy'),
(1020, '12A', 'Economy'),
(1020, '12B', 'Economy'),
(1020, '12C', 'Economy'),
(1020, '12D', 'Economy'),
(1020, '12E', 'Economy'),
(1020, '12F', 'Economy'),
(1020, '13A', 'Economy'),
(1020, '13B', 'Economy'),
(1020, '13C', 'Economy'),
(1020, '13D', 'Economy'),
(1020, '13E', 'Economy'),
(1020, '13F', 'Economy'),
(1020, '14A', 'Economy'),
(1020, '14B', 'Economy'),
(1020, '14C', 'Economy'),
(1020, '14D', 'Economy'),
(1020, '14E', 'Economy'),
(1020, '14F', 'Economy'),
(1020, '15A', 'Economy'),
(1020, '15B', 'Economy'),
(1020, '15C', 'Economy'),
(1020, '15D', 'Economy'),
(1020, '15E', 'Economy'),
(1020, '15F', 'Economy'),
(1020, '16A', 'Economy'),
(1020, '16B', 'Economy'),
(1020, '16C', 'Economy'),
(1020, '16D', 'Economy'),
(1020, '16E', 'Economy'),
(1020, '16F', 'Economy'),
(1020, '17A', 'Economy'),
(1020, '17B', 'Economy'),
(1020, '17C', 'Economy'),
(1020, '17D', 'Economy'),
(1020, '17E', 'Economy'),
(1020, '17F', 'Economy'),
(1020, '18A', 'Economy'),
(1020, '18B', 'Economy'),
(1020, '18C', 'Economy'),
(1020, '18D', 'Economy'),
(1020, '18E', 'Economy'),
(1020, '18F', 'Economy'),
(1020, '19A', 'Economy'),
(1020, '19B', 'Economy'),
(1020, '19C', 'Economy'),
(1020, '19D', 'Economy'),
(1020, '19E', 'Economy'),
(1020, '19F', 'Economy'),
(1020, '1A', 'First'),
(1020, '1B', 'First'),
(1020, '1C', 'First'),
(1020, '1D', 'First'),
(1020, '2A', 'First'),
(1020, '2B', 'First'),
(1020, '2C', 'First'),
(1020, '2D', 'First'),
(1021, '10A', 'Economy'),
(1021, '10B', 'Economy'),
(1021, '10C', 'Economy'),
(1021, '10D', 'Economy'),
(1021, '10E', 'Economy'),
(1021, '10F', 'Economy'),
(1021, '11A', 'Economy'),
(1021, '11B', 'Economy'),
(1021, '11C', 'Economy'),
(1021, '11D', 'Economy'),
(1021, '11E', 'Economy'),
(1021, '11F', 'Economy'),
(1021, '12A', 'Economy'),
(1021, '12B', 'Economy'),
(1021, '12C', 'Economy'),
(1021, '12D', 'Economy'),
(1021, '12E', 'Economy'),
(1021, '12F', 'Economy'),
(1021, '13A', 'Economy'),
(1021, '13B', 'Economy'),
(1021, '13C', 'Economy'),
(1021, '13D', 'Economy'),
(1021, '13E', 'Economy'),
(1021, '13F', 'Economy'),
(1021, '14A', 'Economy'),
(1021, '14B', 'Economy'),
(1021, '14C', 'Economy'),
(1021, '14D', 'Economy'),
(1021, '14E', 'Economy'),
(1021, '14F', 'Economy'),
(1021, '15A', 'Economy'),
(1021, '15B', 'Economy'),
(1021, '15C', 'Economy'),
(1021, '15D', 'Economy'),
(1021, '15E', 'Economy'),
(1021, '15F', 'Economy'),
(1021, '16A', 'Economy'),
(1021, '16B', 'Economy'),
(1021, '16C', 'Economy'),
(1021, '16D', 'Economy'),
(1021, '16E', 'Economy'),
(1021, '16F', 'Economy'),
(1021, '17A', 'Economy'),
(1021, '17B', 'Economy'),
(1021, '17C', 'Economy'),
(1021, '17D', 'Economy'),
(1021, '17E', 'Economy'),
(1021, '17F', 'Economy'),
(1021, '18A', 'Economy'),
(1021, '18B', 'Economy'),
(1021, '18C', 'Economy'),
(1021, '18D', 'Economy'),
(1021, '18E', 'Economy'),
(1021, '18F', 'Economy'),
(1021, '19A', 'Economy'),
(1021, '19B', 'Economy'),
(1021, '19C', 'Economy'),
(1021, '19D', 'Economy'),
(1021, '19E', 'Economy'),
(1021, '19F', 'Economy'),
(1021, '1A', 'First'),
(1021, '1B', 'First'),
(1021, '1C', 'First'),
(1021, '1D', 'First'),
(1021, '2A', 'First'),
(1021, '2B', 'First'),
(1021, '2C', 'First'),
(1021, '2D', 'First'),
(1022, '10A', 'Economy'),
(1022, '10B', 'Economy'),
(1022, '10C', 'Economy'),
(1022, '10D', 'Economy'),
(1022, '10E', 'Economy'),
(1022, '10F', 'Economy'),
(1022, '11A', 'Economy'),
(1022, '11B', 'Economy'),
(1022, '11C', 'Economy'),
(1022, '11D', 'Economy'),
(1022, '11E', 'Economy'),
(1022, '11F', 'Economy'),
(1022, '12A', 'Economy'),
(1022, '12B', 'Economy'),
(1022, '12C', 'Economy'),
(1022, '12D', 'Economy'),
(1022, '12E', 'Economy'),
(1022, '12F', 'Economy'),
(1022, '13A', 'Economy'),
(1022, '13B', 'Economy'),
(1022, '13C', 'Economy'),
(1022, '13D', 'Economy'),
(1022, '13E', 'Economy'),
(1022, '13F', 'Economy'),
(1022, '14A', 'Economy'),
(1022, '14B', 'Economy'),
(1022, '14C', 'Economy'),
(1022, '14D', 'Economy'),
(1022, '14E', 'Economy'),
(1022, '14F', 'Economy'),
(1022, '15A', 'Economy'),
(1022, '15B', 'Economy'),
(1022, '15C', 'Economy'),
(1022, '15D', 'Economy'),
(1022, '15E', 'Economy'),
(1022, '15F', 'Economy'),
(1022, '16A', 'Economy'),
(1022, '16B', 'Economy'),
(1022, '16C', 'Economy'),
(1022, '16D', 'Economy'),
(1022, '16E', 'Economy'),
(1022, '16F', 'Economy'),
(1022, '17A', 'Economy'),
(1022, '17B', 'Economy'),
(1022, '17C', 'Economy'),
(1022, '17D', 'Economy'),
(1022, '17E', 'Economy'),
(1022, '17F', 'Economy'),
(1022, '18A', 'Economy'),
(1022, '18B', 'Economy'),
(1022, '18C', 'Economy'),
(1022, '18D', 'Economy'),
(1022, '18E', 'Economy'),
(1022, '18F', 'Economy'),
(1022, '19A', 'Economy'),
(1022, '19B', 'Economy'),
(1022, '19C', 'Economy'),
(1022, '19D', 'Economy'),
(1022, '19E', 'Economy'),
(1022, '19F', 'Economy'),
(1022, '1A', 'First'),
(1022, '1B', 'First'),
(1022, '1C', 'First'),
(1022, '1D', 'First'),
(1022, '2A', 'First'),
(1022, '2B', 'First'),
(1022, '2C', 'First'),
(1022, '2D', 'First'),
(1023, '10A', 'Economy'),
(1023, '10B', 'Economy'),
(1023, '10C', 'Economy'),
(1023, '10D', 'Economy'),
(1023, '10E', 'Economy'),
(1023, '10F', 'Economy'),
(1023, '11A', 'Economy'),
(1023, '11B', 'Economy'),
(1023, '11C', 'Economy'),
(1023, '11D', 'Economy'),
(1023, '11E', 'Economy'),
(1023, '11F', 'Economy'),
(1023, '12A', 'Economy'),
(1023, '12B', 'Economy'),
(1023, '12C', 'Economy'),
(1023, '12D', 'Economy'),
(1023, '12E', 'Economy'),
(1023, '12F', 'Economy'),
(1023, '13A', 'Economy'),
(1023, '13B', 'Economy'),
(1023, '13C', 'Economy'),
(1023, '13D', 'Economy'),
(1023, '13E', 'Economy'),
(1023, '13F', 'Economy'),
(1023, '14A', 'Economy'),
(1023, '14B', 'Economy'),
(1023, '14C', 'Economy'),
(1023, '14D', 'Economy'),
(1023, '14E', 'Economy'),
(1023, '14F', 'Economy'),
(1023, '15A', 'Economy'),
(1023, '15B', 'Economy'),
(1023, '15C', 'Economy'),
(1023, '15D', 'Economy'),
(1023, '15E', 'Economy'),
(1023, '15F', 'Economy'),
(1023, '16A', 'Economy'),
(1023, '16B', 'Economy'),
(1023, '16C', 'Economy'),
(1023, '16D', 'Economy'),
(1023, '16E', 'Economy'),
(1023, '16F', 'Economy'),
(1023, '17A', 'Economy'),
(1023, '17B', 'Economy'),
(1023, '17C', 'Economy'),
(1023, '17D', 'Economy'),
(1023, '17E', 'Economy'),
(1023, '17F', 'Economy'),
(1023, '18A', 'Economy'),
(1023, '18B', 'Economy'),
(1023, '18C', 'Economy'),
(1023, '18D', 'Economy'),
(1023, '18E', 'Economy'),
(1023, '18F', 'Economy'),
(1023, '19A', 'Economy'),
(1023, '19B', 'Economy'),
(1023, '19C', 'Economy'),
(1023, '19D', 'Economy'),
(1023, '19E', 'Economy'),
(1023, '19F', 'Economy'),
(1023, '1A', 'First'),
(1023, '1B', 'First'),
(1023, '1C', 'First'),
(1023, '1D', 'First'),
(1023, '2A', 'First'),
(1023, '2B', 'First'),
(1023, '2C', 'First'),
(1023, '2D', 'First'),
(1024, '10A', 'Economy'),
(1024, '10B', 'Economy'),
(1024, '10C', 'Economy'),
(1024, '10D', 'Economy'),
(1024, '10E', 'Economy'),
(1024, '10F', 'Economy'),
(1024, '11A', 'Economy'),
(1024, '11B', 'Economy'),
(1024, '11C', 'Economy'),
(1024, '11D', 'Economy'),
(1024, '11E', 'Economy'),
(1024, '11F', 'Economy'),
(1024, '12A', 'Economy'),
(1024, '12B', 'Economy'),
(1024, '12C', 'Economy'),
(1024, '12D', 'Economy'),
(1024, '12E', 'Economy'),
(1024, '12F', 'Economy'),
(1024, '13A', 'Economy'),
(1024, '13B', 'Economy'),
(1024, '13C', 'Economy'),
(1024, '13D', 'Economy'),
(1024, '13E', 'Economy'),
(1024, '13F', 'Economy'),
(1024, '14A', 'Economy'),
(1024, '14B', 'Economy'),
(1024, '14C', 'Economy'),
(1024, '14D', 'Economy'),
(1024, '14E', 'Economy'),
(1024, '14F', 'Economy'),
(1024, '15A', 'Economy'),
(1024, '15B', 'Economy'),
(1024, '15C', 'Economy'),
(1024, '15D', 'Economy'),
(1024, '15E', 'Economy'),
(1024, '15F', 'Economy'),
(1024, '16A', 'Economy'),
(1024, '16B', 'Economy'),
(1024, '16C', 'Economy'),
(1024, '16D', 'Economy'),
(1024, '16E', 'Economy'),
(1024, '16F', 'Economy'),
(1024, '17A', 'Economy'),
(1024, '17B', 'Economy'),
(1024, '17C', 'Economy'),
(1024, '17D', 'Economy'),
(1024, '17E', 'Economy'),
(1024, '17F', 'Economy'),
(1024, '18A', 'Economy'),
(1024, '18B', 'Economy'),
(1024, '18C', 'Economy'),
(1024, '18D', 'Economy'),
(1024, '18E', 'Economy'),
(1024, '18F', 'Economy'),
(1024, '19A', 'Economy'),
(1024, '19B', 'Economy'),
(1024, '19C', 'Economy'),
(1024, '19D', 'Economy'),
(1024, '19E', 'Economy'),
(1024, '19F', 'Economy'),
(1024, '1A', 'First'),
(1024, '1B', 'First'),
(1024, '1C', 'First'),
(1024, '1D', 'First'),
(1024, '2A', 'First'),
(1024, '2B', 'First'),
(1024, '2C', 'First'),
(1024, '2D', 'First'),
(1025, '10A', 'Economy'),
(1025, '10B', 'Economy'),
(1025, '10C', 'Economy'),
(1025, '10D', 'Economy'),
(1025, '10E', 'Economy'),
(1025, '10F', 'Economy'),
(1025, '11A', 'Economy'),
(1025, '11B', 'Economy'),
(1025, '11C', 'Economy'),
(1025, '11D', 'Economy'),
(1025, '11E', 'Economy'),
(1025, '11F', 'Economy'),
(1025, '12A', 'Economy'),
(1025, '12B', 'Economy'),
(1025, '12C', 'Economy'),
(1025, '12D', 'Economy'),
(1025, '12E', 'Economy'),
(1025, '12F', 'Economy'),
(1025, '13A', 'Economy'),
(1025, '13B', 'Economy'),
(1025, '13C', 'Economy'),
(1025, '13D', 'Economy'),
(1025, '13E', 'Economy'),
(1025, '13F', 'Economy'),
(1025, '14A', 'Economy'),
(1025, '14B', 'Economy'),
(1025, '14C', 'Economy'),
(1025, '14D', 'Economy'),
(1025, '14E', 'Economy'),
(1025, '14F', 'Economy'),
(1025, '15A', 'Economy'),
(1025, '15B', 'Economy'),
(1025, '15C', 'Economy'),
(1025, '15D', 'Economy'),
(1025, '15E', 'Economy'),
(1025, '15F', 'Economy'),
(1025, '16A', 'Economy'),
(1025, '16B', 'Economy'),
(1025, '16C', 'Economy'),
(1025, '16D', 'Economy'),
(1025, '16E', 'Economy'),
(1025, '16F', 'Economy'),
(1025, '17A', 'Economy'),
(1025, '17B', 'Economy'),
(1025, '17C', 'Economy'),
(1025, '17D', 'Economy'),
(1025, '17E', 'Economy'),
(1025, '17F', 'Economy'),
(1025, '18A', 'Economy'),
(1025, '18B', 'Economy'),
(1025, '18C', 'Economy'),
(1025, '18D', 'Economy'),
(1025, '18E', 'Economy'),
(1025, '18F', 'Economy'),
(1025, '19A', 'Economy'),
(1025, '19B', 'Economy'),
(1025, '19C', 'Economy'),
(1025, '19D', 'Economy'),
(1025, '19E', 'Economy'),
(1025, '19F', 'Economy'),
(1025, '1A', 'First'),
(1025, '1B', 'First'),
(1025, '1C', 'First'),
(1025, '1D', 'First'),
(1025, '2A', 'First'),
(1025, '2B', 'First'),
(1025, '2C', 'First'),
(1025, '2D', 'First'),
(1026, '10A', 'Economy'),
(1026, '10B', 'Economy'),
(1026, '10C', 'Economy'),
(1026, '10D', 'Economy'),
(1026, '10E', 'Economy'),
(1026, '10F', 'Economy'),
(1026, '11A', 'Economy'),
(1026, '11B', 'Economy'),
(1026, '11C', 'Economy'),
(1026, '11D', 'Economy'),
(1026, '11E', 'Economy'),
(1026, '11F', 'Economy'),
(1026, '12A', 'Economy'),
(1026, '12B', 'Economy'),
(1026, '12C', 'Economy'),
(1026, '12D', 'Economy'),
(1026, '12E', 'Economy'),
(1026, '12F', 'Economy'),
(1026, '13A', 'Economy'),
(1026, '13B', 'Economy'),
(1026, '13C', 'Economy'),
(1026, '13D', 'Economy'),
(1026, '13E', 'Economy'),
(1026, '13F', 'Economy'),
(1026, '14A', 'Economy'),
(1026, '14B', 'Economy'),
(1026, '14C', 'Economy'),
(1026, '14D', 'Economy'),
(1026, '14E', 'Economy'),
(1026, '14F', 'Economy'),
(1026, '15A', 'Economy'),
(1026, '15B', 'Economy'),
(1026, '15C', 'Economy'),
(1026, '15D', 'Economy'),
(1026, '15E', 'Economy'),
(1026, '15F', 'Economy'),
(1026, '16A', 'Economy'),
(1026, '16B', 'Economy'),
(1026, '16C', 'Economy'),
(1026, '16D', 'Economy'),
(1026, '16E', 'Economy'),
(1026, '16F', 'Economy'),
(1026, '17A', 'Economy'),
(1026, '17B', 'Economy'),
(1026, '17C', 'Economy'),
(1026, '17D', 'Economy'),
(1026, '17E', 'Economy'),
(1026, '17F', 'Economy'),
(1026, '18A', 'Economy'),
(1026, '18B', 'Economy'),
(1026, '18C', 'Economy'),
(1026, '18D', 'Economy'),
(1026, '18E', 'Economy'),
(1026, '18F', 'Economy'),
(1026, '19A', 'Economy'),
(1026, '19B', 'Economy'),
(1026, '19C', 'Economy'),
(1026, '19D', 'Economy'),
(1026, '19E', 'Economy'),
(1026, '19F', 'Economy'),
(1026, '1A', 'First'),
(1026, '1B', 'First'),
(1026, '1C', 'First'),
(1026, '1D', 'First'),
(1026, '2A', 'First'),
(1026, '2B', 'First'),
(1026, '2C', 'First'),
(1026, '2D', 'First'),
(1027, '10A', 'Economy'),
(1027, '10B', 'Economy'),
(1027, '10C', 'Economy'),
(1027, '10D', 'Economy'),
(1027, '10E', 'Economy'),
(1027, '10F', 'Economy'),
(1027, '11A', 'Economy'),
(1027, '11B', 'Economy'),
(1027, '11C', 'Economy'),
(1027, '11D', 'Economy'),
(1027, '11E', 'Economy'),
(1027, '11F', 'Economy'),
(1027, '12A', 'Economy'),
(1027, '12B', 'Economy'),
(1027, '12C', 'Economy'),
(1027, '12D', 'Economy'),
(1027, '12E', 'Economy'),
(1027, '12F', 'Economy'),
(1027, '13A', 'Economy'),
(1027, '13B', 'Economy'),
(1027, '13C', 'Economy'),
(1027, '13D', 'Economy'),
(1027, '13E', 'Economy'),
(1027, '13F', 'Economy'),
(1027, '14A', 'Economy'),
(1027, '14B', 'Economy'),
(1027, '14C', 'Economy'),
(1027, '14D', 'Economy'),
(1027, '14E', 'Economy'),
(1027, '14F', 'Economy'),
(1027, '15A', 'Economy'),
(1027, '15B', 'Economy'),
(1027, '15C', 'Economy'),
(1027, '15D', 'Economy'),
(1027, '15E', 'Economy'),
(1027, '15F', 'Economy'),
(1027, '16A', 'Economy'),
(1027, '16B', 'Economy'),
(1027, '16C', 'Economy'),
(1027, '16D', 'Economy'),
(1027, '16E', 'Economy'),
(1027, '16F', 'Economy'),
(1027, '17A', 'Economy'),
(1027, '17B', 'Economy'),
(1027, '17C', 'Economy'),
(1027, '17D', 'Economy'),
(1027, '17E', 'Economy'),
(1027, '17F', 'Economy'),
(1027, '18A', 'Economy'),
(1027, '18B', 'Economy'),
(1027, '18C', 'Economy'),
(1027, '18D', 'Economy'),
(1027, '18E', 'Economy'),
(1027, '18F', 'Economy'),
(1027, '19A', 'Economy'),
(1027, '19B', 'Economy'),
(1027, '19C', 'Economy'),
(1027, '19D', 'Economy'),
(1027, '19E', 'Economy'),
(1027, '19F', 'Economy'),
(1027, '1A', 'First'),
(1027, '1B', 'First'),
(1027, '1C', 'First'),
(1027, '1D', 'First'),
(1027, '2A', 'First'),
(1027, '2B', 'First'),
(1027, '2C', 'First'),
(1027, '2D', 'First'),
(1028, '10A', 'Economy'),
(1028, '10B', 'Economy'),
(1028, '10C', 'Economy'),
(1028, '10D', 'Economy'),
(1028, '10E', 'Economy'),
(1028, '10F', 'Economy'),
(1028, '11A', 'Economy'),
(1028, '11B', 'Economy'),
(1028, '11C', 'Economy'),
(1028, '11D', 'Economy'),
(1028, '11E', 'Economy'),
(1028, '11F', 'Economy'),
(1028, '12A', 'Economy'),
(1028, '12B', 'Economy'),
(1028, '12C', 'Economy'),
(1028, '12D', 'Economy'),
(1028, '12E', 'Economy'),
(1028, '12F', 'Economy'),
(1028, '13A', 'Economy'),
(1028, '13B', 'Economy'),
(1028, '13C', 'Economy'),
(1028, '13D', 'Economy'),
(1028, '13E', 'Economy'),
(1028, '13F', 'Economy'),
(1028, '14A', 'Economy'),
(1028, '14B', 'Economy'),
(1028, '14C', 'Economy'),
(1028, '14D', 'Economy'),
(1028, '14E', 'Economy'),
(1028, '14F', 'Economy'),
(1028, '15A', 'Economy'),
(1028, '15B', 'Economy'),
(1028, '15C', 'Economy'),
(1028, '15D', 'Economy'),
(1028, '15E', 'Economy'),
(1028, '15F', 'Economy'),
(1028, '16A', 'Economy'),
(1028, '16B', 'Economy'),
(1028, '16C', 'Economy'),
(1028, '16D', 'Economy'),
(1028, '16E', 'Economy'),
(1028, '16F', 'Economy'),
(1028, '17A', 'Economy'),
(1028, '17B', 'Economy'),
(1028, '17C', 'Economy'),
(1028, '17D', 'Economy'),
(1028, '17E', 'Economy'),
(1028, '17F', 'Economy'),
(1028, '18A', 'Economy'),
(1028, '18B', 'Economy'),
(1028, '18C', 'Economy'),
(1028, '18D', 'Economy'),
(1028, '18E', 'Economy'),
(1028, '18F', 'Economy'),
(1028, '19A', 'Economy'),
(1028, '19B', 'Economy'),
(1028, '19C', 'Economy'),
(1028, '19D', 'Economy'),
(1028, '19E', 'Economy'),
(1028, '19F', 'Economy'),
(1028, '1A', 'First'),
(1028, '1B', 'First'),
(1028, '1C', 'First'),
(1028, '1D', 'First'),
(1028, '2A', 'First'),
(1028, '2B', 'First'),
(1028, '2C', 'First'),
(1028, '2D', 'First'),
(1029, '10A', 'Economy'),
(1029, '10B', 'Economy'),
(1029, '10C', 'Economy'),
(1029, '10D', 'Economy'),
(1029, '10E', 'Economy'),
(1029, '10F', 'Economy'),
(1029, '11A', 'Economy'),
(1029, '11B', 'Economy'),
(1029, '11C', 'Economy'),
(1029, '11D', 'Economy'),
(1029, '11E', 'Economy'),
(1029, '11F', 'Economy'),
(1029, '12A', 'Economy'),
(1029, '12B', 'Economy'),
(1029, '12C', 'Economy'),
(1029, '12D', 'Economy'),
(1029, '12E', 'Economy'),
(1029, '12F', 'Economy'),
(1029, '13A', 'Economy'),
(1029, '13B', 'Economy'),
(1029, '13C', 'Economy'),
(1029, '13D', 'Economy'),
(1029, '13E', 'Economy'),
(1029, '13F', 'Economy'),
(1029, '14A', 'Economy'),
(1029, '14B', 'Economy'),
(1029, '14C', 'Economy'),
(1029, '14D', 'Economy'),
(1029, '14E', 'Economy'),
(1029, '14F', 'Economy'),
(1029, '15A', 'Economy'),
(1029, '15B', 'Economy'),
(1029, '15C', 'Economy'),
(1029, '15D', 'Economy'),
(1029, '15E', 'Economy'),
(1029, '15F', 'Economy'),
(1029, '16A', 'Economy'),
(1029, '16B', 'Economy'),
(1029, '16C', 'Economy'),
(1029, '16D', 'Economy'),
(1029, '16E', 'Economy'),
(1029, '16F', 'Economy'),
(1029, '17A', 'Economy'),
(1029, '17B', 'Economy'),
(1029, '17C', 'Economy'),
(1029, '17D', 'Economy'),
(1029, '17E', 'Economy'),
(1029, '17F', 'Economy'),
(1029, '18A', 'Economy'),
(1029, '18B', 'Economy'),
(1029, '18C', 'Economy'),
(1029, '18D', 'Economy'),
(1029, '18E', 'Economy'),
(1029, '18F', 'Economy'),
(1029, '19A', 'Economy'),
(1029, '19B', 'Economy'),
(1029, '19C', 'Economy'),
(1029, '19D', 'Economy'),
(1029, '19E', 'Economy'),
(1029, '19F', 'Economy'),
(1029, '1A', 'First'),
(1029, '1B', 'First'),
(1029, '1C', 'First'),
(1029, '1D', 'First'),
(1029, '2A', 'First'),
(1029, '2B', 'First'),
(1029, '2C', 'First'),
(1029, '2D', 'First'),
(1030, '10A', 'Economy'),
(1030, '10B', 'Economy'),
(1030, '10C', 'Economy'),
(1030, '10D', 'Economy'),
(1030, '10E', 'Economy'),
(1030, '10F', 'Economy'),
(1030, '11A', 'Economy'),
(1030, '11B', 'Economy'),
(1030, '11C', 'Economy'),
(1030, '11D', 'Economy'),
(1030, '11E', 'Economy'),
(1030, '11F', 'Economy'),
(1030, '12A', 'Economy'),
(1030, '12B', 'Economy'),
(1030, '12C', 'Economy'),
(1030, '12D', 'Economy'),
(1030, '12E', 'Economy'),
(1030, '12F', 'Economy'),
(1030, '13A', 'Economy'),
(1030, '13B', 'Economy'),
(1030, '13C', 'Economy'),
(1030, '13D', 'Economy'),
(1030, '13E', 'Economy'),
(1030, '13F', 'Economy'),
(1030, '14A', 'Economy'),
(1030, '14B', 'Economy'),
(1030, '14C', 'Economy'),
(1030, '14D', 'Economy'),
(1030, '14E', 'Economy'),
(1030, '14F', 'Economy'),
(1030, '15A', 'Economy'),
(1030, '15B', 'Economy'),
(1030, '15C', 'Economy'),
(1030, '15D', 'Economy'),
(1030, '15E', 'Economy'),
(1030, '15F', 'Economy'),
(1030, '16A', 'Economy'),
(1030, '16B', 'Economy'),
(1030, '16C', 'Economy'),
(1030, '16D', 'Economy'),
(1030, '16E', 'Economy'),
(1030, '16F', 'Economy'),
(1030, '17A', 'Economy'),
(1030, '17B', 'Economy'),
(1030, '17C', 'Economy'),
(1030, '17D', 'Economy'),
(1030, '17E', 'Economy'),
(1030, '17F', 'Economy'),
(1030, '18A', 'Economy'),
(1030, '18B', 'Economy'),
(1030, '18C', 'Economy'),
(1030, '18D', 'Economy'),
(1030, '18E', 'Economy'),
(1030, '18F', 'Economy'),
(1030, '19A', 'Economy'),
(1030, '19B', 'Economy'),
(1030, '19C', 'Economy'),
(1030, '19D', 'Economy'),
(1030, '19E', 'Economy'),
(1030, '19F', 'Economy'),
(1030, '1A', 'First'),
(1030, '1B', 'First'),
(1030, '1C', 'First'),
(1030, '1D', 'First'),
(1030, '2A', 'First'),
(1030, '2B', 'First'),
(1030, '2C', 'First'),
(1030, '2D', 'First'),
(1031, '10A', 'Economy'),
(1031, '10B', 'Economy'),
(1031, '10C', 'Economy');
INSERT INTO `contains` (`flightNumber`, `seat`, `serviceClass`) VALUES
(1031, '10D', 'Economy'),
(1031, '10E', 'Economy'),
(1031, '10F', 'Economy'),
(1031, '11A', 'Economy'),
(1031, '11B', 'Economy'),
(1031, '11C', 'Economy'),
(1031, '11D', 'Economy'),
(1031, '11E', 'Economy'),
(1031, '11F', 'Economy'),
(1031, '12A', 'Economy'),
(1031, '12B', 'Economy'),
(1031, '12C', 'Economy'),
(1031, '12D', 'Economy'),
(1031, '12E', 'Economy'),
(1031, '12F', 'Economy'),
(1031, '13A', 'Economy'),
(1031, '13B', 'Economy'),
(1031, '13C', 'Economy'),
(1031, '13D', 'Economy'),
(1031, '13E', 'Economy'),
(1031, '13F', 'Economy'),
(1031, '14A', 'Economy'),
(1031, '14B', 'Economy'),
(1031, '14C', 'Economy'),
(1031, '14D', 'Economy'),
(1031, '14E', 'Economy'),
(1031, '14F', 'Economy'),
(1031, '15A', 'Economy'),
(1031, '15B', 'Economy'),
(1031, '15C', 'Economy'),
(1031, '15D', 'Economy'),
(1031, '15E', 'Economy'),
(1031, '15F', 'Economy'),
(1031, '16A', 'Economy'),
(1031, '16B', 'Economy'),
(1031, '16C', 'Economy'),
(1031, '16D', 'Economy'),
(1031, '16E', 'Economy'),
(1031, '16F', 'Economy'),
(1031, '17A', 'Economy'),
(1031, '17B', 'Economy'),
(1031, '17C', 'Economy'),
(1031, '17D', 'Economy'),
(1031, '17E', 'Economy'),
(1031, '17F', 'Economy'),
(1031, '18A', 'Economy'),
(1031, '18B', 'Economy'),
(1031, '18C', 'Economy'),
(1031, '18D', 'Economy'),
(1031, '18E', 'Economy'),
(1031, '18F', 'Economy'),
(1031, '19A', 'Economy'),
(1031, '19B', 'Economy'),
(1031, '19C', 'Economy'),
(1031, '19D', 'Economy'),
(1031, '19E', 'Economy'),
(1031, '19F', 'Economy'),
(1031, '1A', 'First'),
(1031, '1B', 'First'),
(1031, '1C', 'First'),
(1031, '1D', 'First'),
(1031, '2A', 'First'),
(1031, '2B', 'First'),
(1031, '2C', 'First'),
(1031, '2D', 'First'),
(1032, '10A', 'Economy'),
(1032, '10B', 'Economy'),
(1032, '10C', 'Economy'),
(1032, '10D', 'Economy'),
(1032, '10E', 'Economy'),
(1032, '10F', 'Economy'),
(1032, '11A', 'Economy'),
(1032, '11B', 'Economy'),
(1032, '11C', 'Economy'),
(1032, '11D', 'Economy'),
(1032, '11E', 'Economy'),
(1032, '11F', 'Economy'),
(1032, '12A', 'Economy'),
(1032, '12B', 'Economy'),
(1032, '12C', 'Economy'),
(1032, '12D', 'Economy'),
(1032, '12E', 'Economy'),
(1032, '12F', 'Economy'),
(1032, '13A', 'Economy'),
(1032, '13B', 'Economy'),
(1032, '13C', 'Economy'),
(1032, '13D', 'Economy'),
(1032, '13E', 'Economy'),
(1032, '13F', 'Economy'),
(1032, '14A', 'Economy'),
(1032, '14B', 'Economy'),
(1032, '14C', 'Economy'),
(1032, '14D', 'Economy'),
(1032, '14E', 'Economy'),
(1032, '14F', 'Economy'),
(1032, '15A', 'Economy'),
(1032, '15B', 'Economy'),
(1032, '15C', 'Economy'),
(1032, '15D', 'Economy'),
(1032, '15E', 'Economy'),
(1032, '15F', 'Economy'),
(1032, '16A', 'Economy'),
(1032, '16B', 'Economy'),
(1032, '16C', 'Economy'),
(1032, '16D', 'Economy'),
(1032, '16E', 'Economy'),
(1032, '16F', 'Economy'),
(1032, '17A', 'Economy'),
(1032, '17B', 'Economy'),
(1032, '17C', 'Economy'),
(1032, '17D', 'Economy'),
(1032, '17E', 'Economy'),
(1032, '17F', 'Economy'),
(1032, '18A', 'Economy'),
(1032, '18B', 'Economy'),
(1032, '18C', 'Economy'),
(1032, '18D', 'Economy'),
(1032, '18E', 'Economy'),
(1032, '18F', 'Economy'),
(1032, '19A', 'Economy'),
(1032, '19B', 'Economy'),
(1032, '19C', 'Economy'),
(1032, '19D', 'Economy'),
(1032, '19E', 'Economy'),
(1032, '19F', 'Economy'),
(1032, '1A', 'First'),
(1032, '1B', 'First'),
(1032, '1C', 'First'),
(1032, '1D', 'First'),
(1032, '2A', 'First'),
(1032, '2B', 'First'),
(1032, '2C', 'First'),
(1032, '2D', 'First'),
(1033, '10A', 'Economy'),
(1033, '10B', 'Economy'),
(1033, '10C', 'Economy'),
(1033, '10D', 'Economy'),
(1033, '10E', 'Economy'),
(1033, '10F', 'Economy'),
(1033, '11A', 'Economy'),
(1033, '11B', 'Economy'),
(1033, '11C', 'Economy'),
(1033, '11D', 'Economy'),
(1033, '11E', 'Economy'),
(1033, '11F', 'Economy'),
(1033, '12A', 'Economy'),
(1033, '12B', 'Economy'),
(1033, '12C', 'Economy'),
(1033, '12D', 'Economy'),
(1033, '12E', 'Economy'),
(1033, '12F', 'Economy'),
(1033, '13A', 'Economy'),
(1033, '13B', 'Economy'),
(1033, '13C', 'Economy'),
(1033, '13D', 'Economy'),
(1033, '13E', 'Economy'),
(1033, '13F', 'Economy'),
(1033, '14A', 'Economy'),
(1033, '14B', 'Economy'),
(1033, '14C', 'Economy'),
(1033, '14D', 'Economy'),
(1033, '14E', 'Economy'),
(1033, '14F', 'Economy'),
(1033, '15A', 'Economy'),
(1033, '15B', 'Economy'),
(1033, '15C', 'Economy'),
(1033, '15D', 'Economy'),
(1033, '15E', 'Economy'),
(1033, '15F', 'Economy'),
(1033, '16A', 'Economy'),
(1033, '16B', 'Economy'),
(1033, '16C', 'Economy'),
(1033, '16D', 'Economy'),
(1033, '16E', 'Economy'),
(1033, '16F', 'Economy'),
(1033, '17A', 'Economy'),
(1033, '17B', 'Economy'),
(1033, '17C', 'Economy'),
(1033, '17D', 'Economy'),
(1033, '17E', 'Economy'),
(1033, '17F', 'Economy'),
(1033, '18A', 'Economy'),
(1033, '18B', 'Economy'),
(1033, '18C', 'Economy'),
(1033, '18D', 'Economy'),
(1033, '18E', 'Economy'),
(1033, '18F', 'Economy'),
(1033, '19A', 'Economy'),
(1033, '19B', 'Economy'),
(1033, '19C', 'Economy'),
(1033, '19D', 'Economy'),
(1033, '19E', 'Economy'),
(1033, '19F', 'Economy'),
(1033, '1A', 'First'),
(1033, '1B', 'First'),
(1033, '1C', 'First'),
(1033, '1D', 'First'),
(1033, '2A', 'First'),
(1033, '2B', 'First'),
(1033, '2C', 'First'),
(1033, '2D', 'First'),
(1034, '10A', 'Economy'),
(1034, '10B', 'Economy'),
(1034, '10C', 'Economy'),
(1034, '10D', 'Economy'),
(1034, '10E', 'Economy'),
(1034, '10F', 'Economy'),
(1034, '11A', 'Economy'),
(1034, '11B', 'Economy'),
(1034, '11C', 'Economy'),
(1034, '11D', 'Economy'),
(1034, '11E', 'Economy'),
(1034, '11F', 'Economy'),
(1034, '12A', 'Economy'),
(1034, '12B', 'Economy'),
(1034, '12C', 'Economy'),
(1034, '12D', 'Economy'),
(1034, '12E', 'Economy'),
(1034, '12F', 'Economy'),
(1034, '13A', 'Economy'),
(1034, '13B', 'Economy'),
(1034, '13C', 'Economy'),
(1034, '13D', 'Economy'),
(1034, '13E', 'Economy'),
(1034, '13F', 'Economy'),
(1034, '14A', 'Economy'),
(1034, '14B', 'Economy'),
(1034, '14C', 'Economy'),
(1034, '14D', 'Economy'),
(1034, '14E', 'Economy'),
(1034, '14F', 'Economy'),
(1034, '15A', 'Economy'),
(1034, '15B', 'Economy'),
(1034, '15C', 'Economy'),
(1034, '15D', 'Economy'),
(1034, '15E', 'Economy'),
(1034, '15F', 'Economy'),
(1034, '16A', 'Economy'),
(1034, '16B', 'Economy'),
(1034, '16C', 'Economy'),
(1034, '16D', 'Economy'),
(1034, '16E', 'Economy'),
(1034, '16F', 'Economy'),
(1034, '17A', 'Economy'),
(1034, '17B', 'Economy'),
(1034, '17C', 'Economy'),
(1034, '17D', 'Economy'),
(1034, '17E', 'Economy'),
(1034, '17F', 'Economy'),
(1034, '18A', 'Economy'),
(1034, '18B', 'Economy'),
(1034, '18C', 'Economy'),
(1034, '18D', 'Economy'),
(1034, '18E', 'Economy'),
(1034, '18F', 'Economy'),
(1034, '19A', 'Economy'),
(1034, '19B', 'Economy'),
(1034, '19C', 'Economy'),
(1034, '19D', 'Economy'),
(1034, '19E', 'Economy'),
(1034, '19F', 'Economy'),
(1034, '1A', 'First'),
(1034, '1B', 'First'),
(1034, '1C', 'First'),
(1034, '1D', 'First'),
(1034, '2A', 'First'),
(1034, '2B', 'First'),
(1034, '2C', 'First'),
(1034, '2D', 'First'),
(1035, '10A', 'Economy'),
(1035, '10B', 'Economy'),
(1035, '10C', 'Economy'),
(1035, '10D', 'Economy'),
(1035, '10E', 'Economy'),
(1035, '10F', 'Economy'),
(1035, '11A', 'Economy'),
(1035, '11B', 'Economy'),
(1035, '11C', 'Economy'),
(1035, '11D', 'Economy'),
(1035, '11E', 'Economy'),
(1035, '11F', 'Economy'),
(1035, '12A', 'Economy'),
(1035, '12B', 'Economy'),
(1035, '12C', 'Economy'),
(1035, '12D', 'Economy'),
(1035, '12E', 'Economy'),
(1035, '12F', 'Economy'),
(1035, '13A', 'Economy'),
(1035, '13B', 'Economy'),
(1035, '13C', 'Economy'),
(1035, '13D', 'Economy'),
(1035, '13E', 'Economy'),
(1035, '13F', 'Economy'),
(1035, '14A', 'Economy'),
(1035, '14B', 'Economy'),
(1035, '14C', 'Economy'),
(1035, '14D', 'Economy'),
(1035, '14E', 'Economy'),
(1035, '14F', 'Economy'),
(1035, '15A', 'Economy'),
(1035, '15B', 'Economy'),
(1035, '15C', 'Economy'),
(1035, '15D', 'Economy'),
(1035, '15E', 'Economy'),
(1035, '15F', 'Economy'),
(1035, '16A', 'Economy'),
(1035, '16B', 'Economy'),
(1035, '16C', 'Economy'),
(1035, '16D', 'Economy'),
(1035, '16E', 'Economy'),
(1035, '16F', 'Economy'),
(1035, '17A', 'Economy'),
(1035, '17B', 'Economy'),
(1035, '17C', 'Economy'),
(1035, '17D', 'Economy'),
(1035, '17E', 'Economy'),
(1035, '17F', 'Economy'),
(1035, '18A', 'Economy'),
(1035, '18B', 'Economy'),
(1035, '18C', 'Economy'),
(1035, '18D', 'Economy'),
(1035, '18E', 'Economy'),
(1035, '18F', 'Economy'),
(1035, '19A', 'Economy'),
(1035, '19B', 'Economy'),
(1035, '19C', 'Economy'),
(1035, '19D', 'Economy'),
(1035, '19E', 'Economy'),
(1035, '19F', 'Economy'),
(1035, '1A', 'First'),
(1035, '1B', 'First'),
(1035, '1C', 'First'),
(1035, '1D', 'First'),
(1035, '2A', 'First'),
(1035, '2B', 'First'),
(1035, '2C', 'First'),
(1035, '2D', 'First'),
(1036, '10A', 'Economy'),
(1036, '10B', 'Economy'),
(1036, '10C', 'Economy'),
(1036, '10D', 'Economy'),
(1036, '10E', 'Economy'),
(1036, '10F', 'Economy'),
(1036, '11A', 'Economy'),
(1036, '11B', 'Economy'),
(1036, '11C', 'Economy'),
(1036, '11D', 'Economy'),
(1036, '11E', 'Economy'),
(1036, '11F', 'Economy'),
(1036, '12A', 'Economy'),
(1036, '12B', 'Economy'),
(1036, '12C', 'Economy'),
(1036, '12D', 'Economy'),
(1036, '12E', 'Economy'),
(1036, '12F', 'Economy'),
(1036, '13A', 'Economy'),
(1036, '13B', 'Economy'),
(1036, '13C', 'Economy'),
(1036, '13D', 'Economy'),
(1036, '13E', 'Economy'),
(1036, '13F', 'Economy'),
(1036, '14A', 'Economy'),
(1036, '14B', 'Economy'),
(1036, '14C', 'Economy'),
(1036, '14D', 'Economy'),
(1036, '14E', 'Economy'),
(1036, '14F', 'Economy'),
(1036, '15A', 'Economy'),
(1036, '15B', 'Economy'),
(1036, '15C', 'Economy'),
(1036, '15D', 'Economy'),
(1036, '15E', 'Economy'),
(1036, '15F', 'Economy'),
(1036, '16A', 'Economy'),
(1036, '16B', 'Economy'),
(1036, '16C', 'Economy'),
(1036, '16D', 'Economy'),
(1036, '16E', 'Economy'),
(1036, '16F', 'Economy'),
(1036, '17A', 'Economy'),
(1036, '17B', 'Economy'),
(1036, '17C', 'Economy'),
(1036, '17D', 'Economy'),
(1036, '17E', 'Economy'),
(1036, '17F', 'Economy'),
(1036, '18A', 'Economy'),
(1036, '18B', 'Economy'),
(1036, '18C', 'Economy'),
(1036, '18D', 'Economy'),
(1036, '18E', 'Economy'),
(1036, '18F', 'Economy'),
(1036, '19A', 'Economy'),
(1036, '19B', 'Economy'),
(1036, '19C', 'Economy'),
(1036, '19D', 'Economy'),
(1036, '19E', 'Economy'),
(1036, '19F', 'Economy'),
(1036, '1A', 'First'),
(1036, '1B', 'First'),
(1036, '1C', 'First'),
(1036, '1D', 'First'),
(1036, '2A', 'First'),
(1036, '2B', 'First'),
(1036, '2C', 'First'),
(1036, '2D', 'First'),
(1037, '10A', 'Economy'),
(1037, '10B', 'Economy'),
(1037, '10C', 'Economy'),
(1037, '10D', 'Economy'),
(1037, '10E', 'Economy'),
(1037, '10F', 'Economy'),
(1037, '11A', 'Economy'),
(1037, '11B', 'Economy'),
(1037, '11C', 'Economy'),
(1037, '11D', 'Economy'),
(1037, '11E', 'Economy'),
(1037, '11F', 'Economy'),
(1037, '12A', 'Economy'),
(1037, '12B', 'Economy'),
(1037, '12C', 'Economy'),
(1037, '12D', 'Economy'),
(1037, '12E', 'Economy'),
(1037, '12F', 'Economy'),
(1037, '13A', 'Economy'),
(1037, '13B', 'Economy'),
(1037, '13C', 'Economy'),
(1037, '13D', 'Economy'),
(1037, '13E', 'Economy'),
(1037, '13F', 'Economy'),
(1037, '14A', 'Economy'),
(1037, '14B', 'Economy'),
(1037, '14C', 'Economy'),
(1037, '14D', 'Economy'),
(1037, '14E', 'Economy'),
(1037, '14F', 'Economy'),
(1037, '15A', 'Economy'),
(1037, '15B', 'Economy'),
(1037, '15C', 'Economy'),
(1037, '15D', 'Economy'),
(1037, '15E', 'Economy'),
(1037, '15F', 'Economy'),
(1037, '16A', 'Economy'),
(1037, '16B', 'Economy'),
(1037, '16C', 'Economy'),
(1037, '16D', 'Economy'),
(1037, '16E', 'Economy'),
(1037, '16F', 'Economy'),
(1037, '17A', 'Economy'),
(1037, '17B', 'Economy'),
(1037, '17C', 'Economy'),
(1037, '17D', 'Economy'),
(1037, '17E', 'Economy'),
(1037, '17F', 'Economy'),
(1037, '18A', 'Economy'),
(1037, '18B', 'Economy'),
(1037, '18C', 'Economy'),
(1037, '18D', 'Economy'),
(1037, '18E', 'Economy'),
(1037, '18F', 'Economy'),
(1037, '19A', 'Economy'),
(1037, '19B', 'Economy'),
(1037, '19C', 'Economy'),
(1037, '19D', 'Economy'),
(1037, '19E', 'Economy'),
(1037, '19F', 'Economy'),
(1037, '1A', 'First'),
(1037, '1B', 'First'),
(1037, '1C', 'First'),
(1037, '1D', 'First'),
(1037, '2A', 'First'),
(1037, '2B', 'First'),
(1037, '2C', 'First'),
(1037, '2D', 'First'),
(1038, '10A', 'Economy'),
(1038, '10B', 'Economy'),
(1038, '10C', 'Economy'),
(1038, '10D', 'Economy'),
(1038, '10E', 'Economy'),
(1038, '10F', 'Economy'),
(1038, '11A', 'Economy'),
(1038, '11B', 'Economy'),
(1038, '11C', 'Economy'),
(1038, '11D', 'Economy'),
(1038, '11E', 'Economy'),
(1038, '11F', 'Economy'),
(1038, '12A', 'Economy'),
(1038, '12B', 'Economy'),
(1038, '12C', 'Economy'),
(1038, '12D', 'Economy'),
(1038, '12E', 'Economy'),
(1038, '12F', 'Economy'),
(1038, '13A', 'Economy'),
(1038, '13B', 'Economy'),
(1038, '13C', 'Economy'),
(1038, '13D', 'Economy'),
(1038, '13E', 'Economy'),
(1038, '13F', 'Economy'),
(1038, '14A', 'Economy'),
(1038, '14B', 'Economy'),
(1038, '14C', 'Economy'),
(1038, '14D', 'Economy'),
(1038, '14E', 'Economy'),
(1038, '14F', 'Economy'),
(1038, '15A', 'Economy'),
(1038, '15B', 'Economy'),
(1038, '15C', 'Economy'),
(1038, '15D', 'Economy'),
(1038, '15E', 'Economy'),
(1038, '15F', 'Economy'),
(1038, '16A', 'Economy'),
(1038, '16B', 'Economy'),
(1038, '16C', 'Economy'),
(1038, '16D', 'Economy'),
(1038, '16E', 'Economy'),
(1038, '16F', 'Economy'),
(1038, '17A', 'Economy'),
(1038, '17B', 'Economy'),
(1038, '17C', 'Economy'),
(1038, '17D', 'Economy'),
(1038, '17E', 'Economy'),
(1038, '17F', 'Economy'),
(1038, '18A', 'Economy'),
(1038, '18B', 'Economy'),
(1038, '18C', 'Economy'),
(1038, '18D', 'Economy'),
(1038, '18E', 'Economy'),
(1038, '18F', 'Economy'),
(1038, '19A', 'Economy'),
(1038, '19B', 'Economy'),
(1038, '19C', 'Economy'),
(1038, '19D', 'Economy'),
(1038, '19E', 'Economy'),
(1038, '19F', 'Economy'),
(1038, '1A', 'First'),
(1038, '1B', 'First'),
(1038, '1C', 'First'),
(1038, '1D', 'First'),
(1038, '2A', 'First'),
(1038, '2B', 'First'),
(1038, '2C', 'First'),
(1038, '2D', 'First'),
(1039, '10A', 'Economy'),
(1039, '10B', 'Economy'),
(1039, '10C', 'Economy'),
(1039, '10D', 'Economy'),
(1039, '10E', 'Economy'),
(1039, '10F', 'Economy'),
(1039, '11A', 'Economy'),
(1039, '11B', 'Economy'),
(1039, '11C', 'Economy'),
(1039, '11D', 'Economy'),
(1039, '11E', 'Economy'),
(1039, '11F', 'Economy'),
(1039, '12A', 'Economy'),
(1039, '12B', 'Economy'),
(1039, '12C', 'Economy'),
(1039, '12D', 'Economy'),
(1039, '12E', 'Economy'),
(1039, '12F', 'Economy'),
(1039, '13A', 'Economy'),
(1039, '13B', 'Economy'),
(1039, '13C', 'Economy'),
(1039, '13D', 'Economy'),
(1039, '13E', 'Economy'),
(1039, '13F', 'Economy'),
(1039, '14A', 'Economy'),
(1039, '14B', 'Economy'),
(1039, '14C', 'Economy'),
(1039, '14D', 'Economy'),
(1039, '14E', 'Economy'),
(1039, '14F', 'Economy'),
(1039, '15A', 'Economy'),
(1039, '15B', 'Economy'),
(1039, '15C', 'Economy'),
(1039, '15D', 'Economy'),
(1039, '15E', 'Economy'),
(1039, '15F', 'Economy'),
(1039, '16A', 'Economy'),
(1039, '16B', 'Economy'),
(1039, '16C', 'Economy'),
(1039, '16D', 'Economy'),
(1039, '16E', 'Economy'),
(1039, '16F', 'Economy'),
(1039, '17A', 'Economy'),
(1039, '17B', 'Economy'),
(1039, '17C', 'Economy'),
(1039, '17D', 'Economy'),
(1039, '17E', 'Economy'),
(1039, '17F', 'Economy'),
(1039, '18A', 'Economy'),
(1039, '18B', 'Economy'),
(1039, '18C', 'Economy'),
(1039, '18D', 'Economy'),
(1039, '18E', 'Economy'),
(1039, '18F', 'Economy'),
(1039, '19A', 'Economy'),
(1039, '19B', 'Economy'),
(1039, '19C', 'Economy'),
(1039, '19D', 'Economy'),
(1039, '19E', 'Economy'),
(1039, '19F', 'Economy'),
(1039, '1A', 'First'),
(1039, '1B', 'First'),
(1039, '1C', 'First'),
(1039, '1D', 'First'),
(1039, '2A', 'First'),
(1039, '2B', 'First'),
(1039, '2C', 'First'),
(1039, '2D', 'First'),
(1040, '10A', 'Economy'),
(1040, '10B', 'Economy'),
(1040, '10C', 'Economy'),
(1040, '10D', 'Economy'),
(1040, '10E', 'Economy'),
(1040, '10F', 'Economy'),
(1040, '11A', 'Economy'),
(1040, '11B', 'Economy'),
(1040, '11C', 'Economy'),
(1040, '11D', 'Economy'),
(1040, '11E', 'Economy'),
(1040, '11F', 'Economy'),
(1040, '12A', 'Economy'),
(1040, '12B', 'Economy'),
(1040, '12C', 'Economy'),
(1040, '12D', 'Economy'),
(1040, '12E', 'Economy'),
(1040, '12F', 'Economy'),
(1040, '13A', 'Economy'),
(1040, '13B', 'Economy'),
(1040, '13C', 'Economy'),
(1040, '13D', 'Economy'),
(1040, '13E', 'Economy'),
(1040, '13F', 'Economy'),
(1040, '14A', 'Economy'),
(1040, '14B', 'Economy'),
(1040, '14C', 'Economy'),
(1040, '14D', 'Economy'),
(1040, '14E', 'Economy'),
(1040, '14F', 'Economy'),
(1040, '15A', 'Economy'),
(1040, '15B', 'Economy'),
(1040, '15C', 'Economy'),
(1040, '15D', 'Economy'),
(1040, '15E', 'Economy'),
(1040, '15F', 'Economy'),
(1040, '16A', 'Economy'),
(1040, '16B', 'Economy'),
(1040, '16C', 'Economy'),
(1040, '16D', 'Economy'),
(1040, '16E', 'Economy'),
(1040, '16F', 'Economy'),
(1040, '17A', 'Economy'),
(1040, '17B', 'Economy'),
(1040, '17C', 'Economy'),
(1040, '17D', 'Economy'),
(1040, '17E', 'Economy'),
(1040, '17F', 'Economy'),
(1040, '18A', 'Economy'),
(1040, '18B', 'Economy'),
(1040, '18C', 'Economy'),
(1040, '18D', 'Economy'),
(1040, '18E', 'Economy'),
(1040, '18F', 'Economy'),
(1040, '19A', 'Economy'),
(1040, '19B', 'Economy'),
(1040, '19C', 'Economy'),
(1040, '19D', 'Economy'),
(1040, '19E', 'Economy'),
(1040, '19F', 'Economy'),
(1040, '1A', 'First'),
(1040, '1B', 'First'),
(1040, '1C', 'First'),
(1040, '1D', 'First'),
(1040, '2A', 'First'),
(1040, '2B', 'First'),
(1040, '2C', 'First'),
(1040, '2D', 'First'),
(1041, '10A', 'Economy'),
(1041, '10B', 'Economy'),
(1041, '10C', 'Economy'),
(1041, '10D', 'Economy'),
(1041, '10E', 'Economy'),
(1041, '10F', 'Economy'),
(1041, '11A', 'Economy'),
(1041, '11B', 'Economy'),
(1041, '11C', 'Economy'),
(1041, '11D', 'Economy'),
(1041, '11E', 'Economy'),
(1041, '11F', 'Economy'),
(1041, '12A', 'Economy'),
(1041, '12B', 'Economy'),
(1041, '12C', 'Economy'),
(1041, '12D', 'Economy'),
(1041, '12E', 'Economy'),
(1041, '12F', 'Economy'),
(1041, '13A', 'Economy'),
(1041, '13B', 'Economy'),
(1041, '13C', 'Economy'),
(1041, '13D', 'Economy'),
(1041, '13E', 'Economy'),
(1041, '13F', 'Economy'),
(1041, '14A', 'Economy'),
(1041, '14B', 'Economy'),
(1041, '14C', 'Economy'),
(1041, '14D', 'Economy'),
(1041, '14E', 'Economy'),
(1041, '14F', 'Economy'),
(1041, '15A', 'Economy'),
(1041, '15B', 'Economy'),
(1041, '15C', 'Economy'),
(1041, '15D', 'Economy'),
(1041, '15E', 'Economy'),
(1041, '15F', 'Economy'),
(1041, '16A', 'Economy'),
(1041, '16B', 'Economy'),
(1041, '16C', 'Economy'),
(1041, '16D', 'Economy'),
(1041, '16E', 'Economy'),
(1041, '16F', 'Economy'),
(1041, '17A', 'Economy'),
(1041, '17B', 'Economy'),
(1041, '17C', 'Economy'),
(1041, '17D', 'Economy'),
(1041, '17E', 'Economy'),
(1041, '17F', 'Economy'),
(1041, '18A', 'Economy'),
(1041, '18B', 'Economy'),
(1041, '18C', 'Economy'),
(1041, '18D', 'Economy'),
(1041, '18E', 'Economy'),
(1041, '18F', 'Economy'),
(1041, '19A', 'Economy'),
(1041, '19B', 'Economy'),
(1041, '19C', 'Economy'),
(1041, '19D', 'Economy'),
(1041, '19E', 'Economy'),
(1041, '19F', 'Economy'),
(1041, '1A', 'First'),
(1041, '1B', 'First'),
(1041, '1C', 'First'),
(1041, '1D', 'First'),
(1041, '2A', 'First'),
(1041, '2B', 'First'),
(1041, '2C', 'First'),
(1041, '2D', 'First'),
(1042, '10A', 'Economy'),
(1042, '10B', 'Economy'),
(1042, '10C', 'Economy'),
(1042, '10D', 'Economy'),
(1042, '10E', 'Economy'),
(1042, '10F', 'Economy'),
(1042, '11A', 'Economy'),
(1042, '11B', 'Economy'),
(1042, '11C', 'Economy'),
(1042, '11D', 'Economy'),
(1042, '11E', 'Economy'),
(1042, '11F', 'Economy'),
(1042, '12A', 'Economy'),
(1042, '12B', 'Economy'),
(1042, '12C', 'Economy'),
(1042, '12D', 'Economy'),
(1042, '12E', 'Economy'),
(1042, '12F', 'Economy'),
(1042, '13A', 'Economy'),
(1042, '13B', 'Economy'),
(1042, '13C', 'Economy'),
(1042, '13D', 'Economy'),
(1042, '13E', 'Economy'),
(1042, '13F', 'Economy'),
(1042, '14A', 'Economy'),
(1042, '14B', 'Economy'),
(1042, '14C', 'Economy'),
(1042, '14D', 'Economy'),
(1042, '14E', 'Economy'),
(1042, '14F', 'Economy'),
(1042, '15A', 'Economy'),
(1042, '15B', 'Economy'),
(1042, '15C', 'Economy'),
(1042, '15D', 'Economy'),
(1042, '15E', 'Economy'),
(1042, '15F', 'Economy'),
(1042, '16A', 'Economy'),
(1042, '16B', 'Economy'),
(1042, '16C', 'Economy'),
(1042, '16D', 'Economy'),
(1042, '16E', 'Economy'),
(1042, '16F', 'Economy'),
(1042, '17A', 'Economy'),
(1042, '17B', 'Economy'),
(1042, '17C', 'Economy'),
(1042, '17D', 'Economy'),
(1042, '17E', 'Economy'),
(1042, '17F', 'Economy'),
(1042, '18A', 'Economy'),
(1042, '18B', 'Economy'),
(1042, '18C', 'Economy'),
(1042, '18D', 'Economy'),
(1042, '18E', 'Economy'),
(1042, '18F', 'Economy'),
(1042, '19A', 'Economy'),
(1042, '19B', 'Economy'),
(1042, '19C', 'Economy'),
(1042, '19D', 'Economy'),
(1042, '19E', 'Economy'),
(1042, '19F', 'Economy'),
(1042, '1A', 'First'),
(1042, '1B', 'First'),
(1042, '1C', 'First'),
(1042, '1D', 'First'),
(1042, '2A', 'First'),
(1042, '2B', 'First'),
(1042, '2C', 'First'),
(1042, '2D', 'First'),
(1043, '10A', 'Economy'),
(1043, '10B', 'Economy'),
(1043, '10C', 'Economy'),
(1043, '10D', 'Economy'),
(1043, '10E', 'Economy'),
(1043, '10F', 'Economy'),
(1043, '11A', 'Economy'),
(1043, '11B', 'Economy'),
(1043, '11C', 'Economy'),
(1043, '11D', 'Economy'),
(1043, '11E', 'Economy'),
(1043, '11F', 'Economy'),
(1043, '12A', 'Economy'),
(1043, '12B', 'Economy'),
(1043, '12C', 'Economy'),
(1043, '12D', 'Economy'),
(1043, '12E', 'Economy'),
(1043, '12F', 'Economy'),
(1043, '13A', 'Economy'),
(1043, '13B', 'Economy'),
(1043, '13C', 'Economy'),
(1043, '13D', 'Economy'),
(1043, '13E', 'Economy'),
(1043, '13F', 'Economy'),
(1043, '14A', 'Economy'),
(1043, '14B', 'Economy'),
(1043, '14C', 'Economy'),
(1043, '14D', 'Economy'),
(1043, '14E', 'Economy'),
(1043, '14F', 'Economy'),
(1043, '15A', 'Economy'),
(1043, '15B', 'Economy'),
(1043, '15C', 'Economy'),
(1043, '15D', 'Economy'),
(1043, '15E', 'Economy'),
(1043, '15F', 'Economy'),
(1043, '16A', 'Economy'),
(1043, '16B', 'Economy'),
(1043, '16C', 'Economy'),
(1043, '16D', 'Economy'),
(1043, '16E', 'Economy'),
(1043, '16F', 'Economy'),
(1043, '17A', 'Economy'),
(1043, '17B', 'Economy'),
(1043, '17C', 'Economy'),
(1043, '17D', 'Economy'),
(1043, '17E', 'Economy'),
(1043, '17F', 'Economy'),
(1043, '18A', 'Economy'),
(1043, '18B', 'Economy'),
(1043, '18C', 'Economy'),
(1043, '18D', 'Economy'),
(1043, '18E', 'Economy'),
(1043, '18F', 'Economy'),
(1043, '19A', 'Economy'),
(1043, '19B', 'Economy'),
(1043, '19C', 'Economy'),
(1043, '19D', 'Economy'),
(1043, '19E', 'Economy'),
(1043, '19F', 'Economy'),
(1043, '1A', 'First'),
(1043, '1B', 'First'),
(1043, '1C', 'First'),
(1043, '1D', 'First'),
(1043, '2A', 'First'),
(1043, '2B', 'First'),
(1043, '2C', 'First'),
(1043, '2D', 'First');

-- --------------------------------------------------------

--
-- Table structure for table `departsat`
--

CREATE TABLE `departsat` (
  `flightNumber` int(255) NOT NULL,
  `school` varchar(100) NOT NULL
) ENGINE=InnoDB DEFAULT CHARSET=latin1;

--
-- Dumping data for table `departsat`
--

INSERT INTO `departsat` (`flightNumber`, `school`) VALUES
(1000, 'Cal Maritime'),
(1001, 'Cal Poly Pomona'),
(1002, 'Cal Poly San Luis Obispo'),
(1003, 'CSU Bakersfield'),
(1008, 'CSU Channel Islands'),
(1009, 'CSU Chico'),
(1010, 'CSU Dominguez Hills'),
(1011, 'CSU East Bay'),
(1012, 'CSU Fresno'),
(1018, 'CSU Fullerton'),
(1019, 'CSU Long Beach'),
(1020, 'CSU Los Angeles'),
(1021, 'CSU Monterey Bay'),
(1026, 'CSU Northridge'),
(1027, 'CSU Sacramento'),
(1028, 'CSU San Bernardino'),
(1029, 'CSU San Marcos'),
(1030, 'CSU Stanislaus'),
(1036, 'Humboldt State University'),
(1037, 'San Diego State University'),
(1038, 'San Francisco State University'),
(1004, 'San Jose State University'),
(1005, 'San Jose State University'),
(1006, 'San Jose State University'),
(1007, 'San Jose State University'),
(1013, 'San Jose State University'),
(1014, 'San Jose State University'),
(1015, 'San Jose State University'),
(1016, 'San Jose State University'),
(1017, 'San Jose State University'),
(1022, 'San Jose State University'),
(1023, 'San Jose State University'),
(1024, 'San Jose State University'),
(1025, 'San Jose State University'),
(1031, 'San Jose State University'),
(1032, 'San Jose State University'),
(1033, 'San Jose State University'),
(1034, 'San Jose State University'),
(1035, 'San Jose State University'),
(1040, 'San Jose State University'),
(1041, 'San Jose State University'),
(1042, 'San Jose State University'),
(1043, 'San Jose State University'),
(1039, 'Sonoma State University');

-- --------------------------------------------------------

--
-- Table structure for table `flight`
--

CREATE TABLE `flight` (
  `flightNumber` int(255) NOT NULL,
  `departureDateTime` datetime NOT NULL,
  `arrivalDateTime` datetime NOT NULL
) ENGINE=InnoDB DEFAULT CHARSET=latin1;

--
-- Dumping data for table `flight`
--

INSERT INTO `flight` (`flightNumber`, `departureDateTime`, `arrivalDateTime`) VALUES
(1000, '2016-12-12 13:00:00', '2016-12-12 14:00:00'),
(1001, '2016-12-12 13:30:00', '2016-12-12 14:30:00'),
(1002, '2016-12-12 14:00:00', '2016-12-12 15:00:00'),
(1003, '2016-12-12 14:30:00', '2016-12-12 15:30:00'),
(1004, '2016-12-12 14:00:00', '2016-12-12 15:00:00'),
(1005, '2016-12-12 14:30:00', '2016-12-12 15:30:00'),
(1006, '2016-12-12 15:00:00', '2016-12-12 16:00:00'),
(1007, '2016-12-12 15:30:00', '2016-12-12 16:30:00'),
(1008, '2016-12-13 13:00:00', '2016-12-13 14:00:00'),
(1009, '2016-12-13 13:30:00', '2016-12-13 14:30:00'),
(1010, '2016-12-13 14:00:00', '2016-12-13 15:00:00'),
(1011, '2016-12-13 14:30:00', '2016-12-13 15:30:00'),
(1012, '2016-12-13 15:00:00', '2016-12-13 16:00:00'),
(1013, '2016-12-13 14:00:00', '2016-12-13 15:00:00'),
(1014, '2016-12-13 14:30:00', '2016-12-13 15:30:00'),
(1015, '2016-12-13 15:00:00', '2016-12-13 16:00:00'),
(1016, '2016-12-13 15:30:00', '2016-12-13 16:30:00'),
(1017, '2016-12-13 16:00:00', '2016-12-13 17:00:00'),
(1018, '2016-12-14 13:00:00', '2016-12-14 14:00:00'),
(1019, '2016-12-14 13:30:00', '2016-12-14 14:30:00'),
(1020, '2016-12-14 14:00:00', '2016-12-14 15:00:00'),
(1021, '2016-12-14 14:30:00', '2016-12-14 15:30:00'),
(1022, '2016-12-14 14:00:00', '2016-12-14 15:00:00'),
(1023, '2016-12-14 14:30:00', '2016-12-14 15:30:00'),
(1024, '2016-12-14 15:00:00', '2016-12-14 16:00:00'),
(1025, '2016-12-14 15:30:00', '2016-12-14 16:30:00'),
(1026, '2016-12-15 13:00:00', '2016-12-15 14:00:00'),
(1027, '2016-12-15 13:30:00', '2016-12-15 14:30:00'),
(1028, '2016-12-15 14:00:00', '2016-12-15 15:00:00'),
(1029, '2016-12-15 14:30:00', '2016-12-15 15:30:00'),
(1030, '2016-12-15 15:00:00', '2016-12-15 16:00:00'),
(1031, '2016-12-15 14:00:00', '2016-12-15 15:00:00'),
(1032, '2016-12-15 14:30:00', '2016-12-15 15:30:00'),
(1033, '2016-12-15 15:00:00', '2016-12-15 16:00:00'),
(1034, '2016-12-15 15:30:00', '2016-12-15 16:30:00'),
(1035, '2016-12-15 16:00:00', '2016-12-15 17:00:00'),
(1036, '2016-12-16 13:00:00', '2016-12-16 14:00:00'),
(1037, '2016-12-16 13:30:00', '2016-12-16 14:30:00'),
(1038, '2016-12-16 14:00:00', '2016-12-16 15:00:00'),
(1039, '2016-12-16 14:30:00', '2016-12-16 15:30:00'),
(1040, '2016-12-16 14:00:00', '2016-12-16 15:00:00'),
(1041, '2016-12-16 14:30:00', '2016-12-16 15:30:00'),
(1042, '2016-12-16 15:00:00', '2016-12-16 16:00:00'),
(1043, '2016-12-16 15:30:00', '2016-12-16 16:30:00');

-- --------------------------------------------------------

--
-- Table structure for table `manufactured`
--

CREATE TABLE `manufactured` (
  `modelNumber` int(255) NOT NULL,
  `companyName` varchar(100) NOT NULL
) ENGINE=InnoDB DEFAULT CHARSET=latin1;

--
-- Dumping data for table `manufactured`
--

INSERT INTO `manufactured` (`modelNumber`, `companyName`) VALUES
(710, 'Cal Poly Pomona'),
(708, 'California Institute of Technology'),
(711, 'Cerro Coso Community College'),
(713, 'College of Alameda'),
(709, 'CSU Los Angeles'),
(714, 'De Anza College'),
(717, 'Glendale Community College'),
(718, 'Long Beach City College'),
(721, 'Monterey Peninsula College'),
(722, 'Mt. San Antonio College'),
(723, 'Reedley College'),
(724, 'Sacramento City College'),
(725, 'Saddleback College'),
(726, 'San Bernardino Valley College'),
(727, 'San Diego State University'),
(728, 'San Jose State University'),
(730, 'Stanford University'),
(707, 'University of California Berkley'),
(715, 'University of California Davis'),
(729, 'University of California Irvine'),
(720, 'University of California Los Angeles'),
(719, 'University of California San Diego'),
(716, 'University of Southern California');

-- --------------------------------------------------------

--
-- Table structure for table `nonstaff`
--

CREATE TABLE `nonstaff` (
  `passengerID` int(255) NOT NULL
) ENGINE=InnoDB DEFAULT CHARSET=latin1;

--
-- Dumping data for table `nonstaff`
--

INSERT INTO `nonstaff` (`passengerID`) VALUES
(1013510),
(1102526),
(1107205),
(1195508),
(1310297),
(1813865),
(1927715),
(2320878),
(2533415),
(2979887),
(3180154),
(3302587),
(3636605),
(3712104),
(4348255),
(4434562),
(4444103),
(4472571),
(4477132),
(4583743),
(4664961),
(5011219),
(5539639),
(5770242),
(6284476),
(6286762),
(6567649),
(6853060),
(7016253),
(7111296),
(7220784),
(7225841),
(7293656),
(7435021),
(7701197),
(7766811),
(8222692),
(8337993),
(8382579),
(8510065),
(8631774),
(8668927),
(8752999),
(8822572),
(9216435),
(9279517),
(9340516),
(9738881),
(9775613),
(9822327);

-- --------------------------------------------------------

--
-- Table structure for table `operates`
--

CREATE TABLE `operates` (
  `employeeID` int(255) NOT NULL,
  `flightNumber` int(255) NOT NULL
) ENGINE=InnoDB DEFAULT CHARSET=latin1;

--
-- Dumping data for table `operates`
--

INSERT INTO `operates` (`employeeID`, `flightNumber`) VALUES
(6454, 1000),
(6934, 1000),
(6993, 1000),
(7013, 1000),
(7956, 1000),
(8607, 1000),
(9305, 1000),
(2424, 1001),
(3502, 1001),
(6801, 1001),
(6821, 1001),
(7112, 1001),
(8456, 1001),
(9966, 1001),
(3833, 1002),
(8400, 1002),
(8433, 1002),
(8587, 1002),
(9095, 1002),
(9532, 1002),
(9727, 1002),
(4661, 1003),
(7950, 1003),
(8294, 1003),
(8603, 1003),
(8645, 1003),
(8887, 1003),
(9161, 1003),
(3180, 1004),
(3241, 1004),
(4692, 1004),
(6456, 1004),
(6684, 1004),
(7749, 1004),
(7846, 1004),
(2625, 1005),
(2746, 1005),
(2963, 1005),
(3076, 1005),
(3147, 1005),
(4964, 1005),
(6462, 1005),
(1944, 1006),
(2084, 1006),
(2133, 1006),
(2406, 1006),
(2487, 1006),
(3142, 1006),
(5910, 1006),
(1183, 1007),
(3538, 1007),
(3548, 1007),
(5120, 1007),
(5535, 1007),
(6424, 1007),
(8708, 1007),
(1872, 1008),
(4573, 1008),
(4772, 1008),
(4935, 1008),
(4951, 1008),
(5043, 1008),
(8969, 1008),
(1813, 1009),
(2178, 1009),
(3696, 1009),
(4019, 1009),
(4215, 1009),
(4349, 1009),
(8810, 1009),
(6454, 1010),
(6934, 1010),
(6993, 1010),
(7013, 1010),
(7956, 1010),
(8607, 1010),
(9305, 1010),
(2424, 1011),
(3502, 1011),
(6801, 1011),
(6821, 1011),
(7112, 1011),
(8456, 1011),
(9966, 1011),
(3833, 1012),
(8400, 1012),
(8433, 1012),
(8587, 1012),
(9095, 1012),
(9532, 1012),
(9727, 1012),
(4661, 1013),
(7950, 1013),
(8294, 1013),
(8603, 1013),
(8645, 1013),
(8887, 1013),
(9161, 1013),
(3180, 1014),
(3241, 1014),
(4692, 1014),
(6456, 1014),
(6684, 1014),
(7749, 1014),
(7846, 1014),
(2625, 1015),
(2746, 1015),
(2963, 1015),
(3076, 1015),
(3147, 1015),
(4964, 1015),
(6462, 1015),
(1944, 1016),
(2084, 1016),
(2133, 1016),
(2406, 1016),
(2487, 1016),
(3142, 1016),
(5910, 1016),
(1183, 1017),
(3538, 1017),
(3548, 1017),
(5120, 1017),
(5535, 1017),
(6424, 1017),
(8708, 1017),
(1872, 1018),
(4573, 1018),
(4772, 1018),
(4935, 1018),
(4951, 1018),
(5043, 1018),
(8969, 1018),
(1813, 1019),
(2178, 1019),
(3696, 1019),
(4019, 1019),
(4215, 1019),
(4349, 1019),
(8810, 1019),
(6454, 1020),
(6934, 1020),
(6993, 1020),
(7013, 1020),
(7956, 1020),
(8607, 1020),
(9305, 1020),
(2424, 1021),
(3502, 1021),
(6801, 1021),
(6821, 1021),
(7112, 1021),
(8456, 1021),
(9966, 1021),
(3833, 1022),
(8400, 1022),
(8433, 1022),
(8587, 1022),
(9095, 1022),
(9532, 1022),
(9727, 1022),
(4661, 1023),
(7950, 1023),
(8294, 1023),
(8603, 1023),
(8645, 1023),
(8887, 1023),
(9161, 1023),
(3180, 1024),
(3241, 1024),
(4692, 1024),
(6456, 1024),
(6684, 1024),
(7749, 1024),
(7846, 1024),
(2625, 1025),
(2746, 1025),
(2963, 1025),
(3076, 1025),
(3147, 1025),
(4964, 1025),
(6462, 1025),
(1944, 1026),
(2084, 1026),
(2133, 1026),
(2406, 1026),
(2487, 1026),
(3142, 1026),
(5910, 1026),
(1183, 1027),
(3538, 1027),
(3548, 1027),
(5120, 1027),
(5535, 1027),
(6424, 1027),
(8708, 1027),
(1872, 1028),
(4573, 1028),
(4772, 1028),
(4935, 1028),
(4951, 1028),
(5043, 1028),
(8969, 1028),
(1813, 1029),
(2178, 1029),
(3696, 1029),
(4019, 1029),
(4215, 1029),
(4349, 1029),
(8810, 1029),
(6454, 1030),
(6934, 1030),
(6993, 1030),
(7013, 1030),
(7956, 1030),
(8607, 1030),
(9305, 1030),
(2424, 1031),
(3502, 1031),
(6801, 1031),
(6821, 1031),
(7112, 1031),
(8456, 1031),
(9966, 1031),
(3833, 1032),
(8400, 1032),
(8433, 1032),
(8587, 1032),
(9095, 1032),
(9532, 1032),
(9727, 1032),
(4661, 1033),
(7950, 1033),
(8294, 1033),
(8603, 1033),
(8645, 1033),
(8887, 1033),
(9161, 1033),
(3180, 1034),
(3241, 1034),
(4692, 1034),
(6456, 1034),
(6684, 1034),
(7749, 1034),
(7846, 1034),
(2625, 1035),
(2746, 1035),
(2963, 1035),
(3076, 1035),
(3147, 1035),
(4964, 1035),
(6462, 1035),
(1944, 1036),
(2084, 1036),
(2133, 1036),
(2406, 1036),
(2487, 1036),
(3142, 1036),
(5910, 1036),
(1183, 1037),
(3538, 1037),
(3548, 1037),
(5120, 1037),
(5535, 1037),
(6424, 1037),
(8708, 1037),
(1872, 1038),
(4573, 1038),
(4772, 1038),
(4935, 1038),
(4951, 1038),
(5043, 1038),
(8969, 1038),
(1813, 1039),
(2178, 1039),
(3696, 1039),
(4019, 1039),
(4215, 1039),
(4349, 1039),
(8810, 1039),
(6454, 1040),
(6934, 1040),
(6993, 1040),
(7013, 1040),
(7956, 1040),
(8607, 1040),
(9305, 1040),
(2424, 1041),
(3502, 1041),
(6801, 1041),
(6821, 1041),
(7112, 1041),
(8456, 1041),
(9966, 1041),
(3833, 1042),
(8400, 1042),
(8433, 1042),
(8587, 1042),
(9095, 1042),
(9532, 1042),
(9727, 1042),
(4661, 1043),
(7950, 1043),
(8294, 1043),
(8603, 1043),
(8645, 1043),
(8887, 1043),
(9161, 1043);

-- --------------------------------------------------------

--
-- Table structure for table `passenger`
--

CREATE TABLE `passenger` (
  `passengerID` int(255) NOT NULL,
  `passportNo` int(255) NOT NULL,
  `name` varchar(50) NOT NULL
) ENGINE=InnoDB DEFAULT CHARSET=latin1;

--
-- Dumping data for table `passenger`
--

INSERT INTO `passenger` (`passengerID`, `passportNo`, `name`) VALUES
(1013510, 293099095, 'Yolanda Fee'),
(1014734, 963594232, 'Cornelius Bramer'),
(1034438, 296280235, 'Patrica Mosier'),
(1041033, 393454572, 'Madelene Gerhard'),
(1041744, 524878853, 'Randa Hopkins'),
(1047072, 571916382, 'Isidro Cunha'),
(1102526, 190001753, 'Charise Gaytan'),
(1107205, 160027550, 'Georgann Malbon'),
(1195508, 609777663, 'Albert Derringer'),
(1263947, 661199454, 'Wilma Shutts'),
(1308856, 239797385, 'Lowell Markland'),
(1310297, 499090398, 'Milan Laramee'),
(1437109, 563928589, 'Hattie Carreira'),
(1466944, 172873780, 'Maragret Beier'),
(1768667, 146163867, 'Crissy Laferriere'),
(1813865, 940025287, 'Florencio Tomaselli'),
(1863056, 341919142, 'Letisha Parfait'),
(1927715, 803459463, 'Carry Siegal'),
(1949842, 350437833, 'Olympia Souther'),
(1985862, 865615264, 'Drusilla Gremillion'),
(2163317, 420602844, 'Dianne Heims'),
(2167616, 255186418, 'Domingo Caldera'),
(2263667, 175120331, 'Abbey Terhune'),
(2320878, 674435172, 'Fran Singh'),
(2533415, 157707670, 'Louanne Clewis'),
(2770418, 695366159, 'Callie Winder'),
(2929209, 483110175, 'Azucena Maclennan'),
(2979887, 756863582, 'Hui Stricker'),
(3157882, 785960401, 'September Villescas'),
(3180154, 684039224, 'Charisse Barga'),
(3302587, 855428161, 'Dannie Poynor'),
(3407646, 292828416, 'Ok Rios'),
(3463739, 535709628, 'Elenor Munger'),
(3626453, 612942155, 'Chere Duppstadt'),
(3636605, 616800854, 'Kristina Stotler'),
(3712104, 263497484, 'Kirstie Glass'),
(3867073, 183407846, 'China Maio'),
(3962325, 501029519, 'Therese Klimas'),
(4003418, 141157359, 'Lady Kepley'),
(4119316, 580704979, 'Florance Hope'),
(4217609, 425563060, 'Manda Ganley'),
(4291966, 655664154, 'Kena Twellman'),
(4348255, 860918629, 'Zita Mayton'),
(4368470, 128698381, 'Temple Byron'),
(4397281, 408319391, 'Lael Shiver'),
(4434562, 915995653, 'Salena Shi'),
(4444103, 972379813, 'Jeanie Griffey'),
(4472571, 498124912, 'Tamar Dreyer'),
(4477132, 150758199, 'Rochelle Yousef'),
(4520143, 359472042, 'Veola Mcferron'),
(4570718, 505463870, 'Kimbra Braz'),
(4583743, 859208419, 'Brianna Snelling'),
(4611402, 375522180, 'Katherina Thomas'),
(4664961, 966987839, 'Margurite Fifield'),
(4916432, 196359564, 'Oswaldo Tilman'),
(4930217, 951925723, 'Margene Raffield'),
(5011219, 892827108, 'Patty Haynie'),
(5262113, 461900312, 'Carie Noguera'),
(5414681, 357051361, 'Ardell Marzette'),
(5539639, 125069265, 'Patti Windley'),
(5585917, 720466921, 'Sunny Heuer'),
(5635079, 529562500, 'Benito Alvarenga'),
(5685656, 860732393, 'Janessa Pancake'),
(5717189, 537735299, 'Chanel Dress'),
(5770242, 382243906, 'Bernardo Eicher'),
(5794602, 583369399, 'Alfreda Escareno'),
(5940791, 198729332, 'Jani Skelton'),
(6266774, 782611035, 'Toya Lagrone'),
(6284476, 917366602, 'Garret Kist'),
(6286762, 950553388, 'Contessa Delay'),
(6362886, 361499465, 'Tracy Charest'),
(6384650, 914438141, 'Laronda Vanduzer'),
(6401161, 183916010, 'Elyse Rapp'),
(6563070, 410054886, 'Felecia Mork'),
(6567649, 504361254, 'Lavonda Kubicek'),
(6853060, 475327837, 'Myrtle Mabie'),
(6981019, 949569010, 'Antionette Kite'),
(7016253, 623722427, 'Theron Roehr'),
(7049695, 848620728, 'Melissa Tullis'),
(7106275, 938057703, 'Tamie Corliss'),
(7111296, 230808781, 'Vonda Frankum'),
(7146947, 546506431, 'Shani Degraw'),
(7220784, 921626864, 'Meredith Mauricio'),
(7225841, 384052138, 'Demetrice Direnzo'),
(7293656, 384556537, 'Ling Hoosier'),
(7317529, 725620729, 'Wendi Mowrer'),
(7435021, 710225182, 'Jolie Forgey'),
(7464594, 426525749, 'Phillip Lauber'),
(7673326, 316425439, 'Norberto Weddle'),
(7701197, 107584624, 'Francina Whittington'),
(7766811, 863000533, 'Faustino Dunleavy'),
(7772669, 833956097, 'Malissa Ertel'),
(7863002, 845799153, 'Raymundo Hunte'),
(8094414, 605511242, 'Shavonne Eckles'),
(8127105, 107881614, 'Willian Becerril'),
(8222692, 510458948, 'Shaunda Sledge'),
(8337993, 522052849, 'Dwana Demaris'),
(8344928, 715579499, 'Coralee Ashbaugh'),
(8382579, 632464308, 'Armandina Christofferse'),
(8510065, 633491938, 'Ja Strine'),
(8631774, 986194841, 'Jadwiga Brimage'),
(8662227, 921434860, 'Doria Shambaugh'),
(8668927, 619449586, 'Thalia Mcelhannon'),
(8752999, 437615224, 'Celestina Hutzler'),
(8822572, 759952479, 'Kisha Leventhal'),
(8988036, 446281880, 'Theola Larkins'),
(9134882, 484627679, 'Audrea Armstong'),
(9216435, 152518157, 'Beulah Kestler'),
(9279517, 456870412, 'Horacio Garlow'),
(9340516, 862557250, 'Milford Callahan'),
(9529335, 125006373, 'Laree Serio'),
(9539929, 168178066, 'Deetta Kesselman'),
(9549465, 801709745, 'Coreen Sak'),
(9710816, 389000382, 'Doloris Dunker'),
(9732676, 784858631, 'Margy Walton'),
(9735958, 493299909, 'Gertrudis Mccallion'),
(9738881, 349382493, 'Roxie Crompton'),
(9775613, 241634488, 'Tracee Cryan'),
(9822327, 894802088, 'Trent Milton'),
(9854186, 621293112, 'Nola Coghill');

-- --------------------------------------------------------

--
-- Table structure for table `reserves`
--

CREATE TABLE `reserves` (
  `passengerID` int(255) NOT NULL,
  `flightNumber` int(255) NOT NULL,
  `seat` varchar(3) NOT NULL,
  `serviceClass` varchar(10) NOT NULL
) ENGINE=InnoDB DEFAULT CHARSET=latin1;

--
-- Dumping data for table `reserves`
--

INSERT INTO `reserves` (`passengerID`, `flightNumber`, `seat`, `serviceClass`) VALUES
(1013510, 1000, '19E', 'Economy'),
(1102526, 1000, '15F', 'Economy'),
(1107205, 1000, '11A', 'Economy'),
(1195508, 1000, '10D', 'Economy'),
(1310297, 1000, '16C', 'Economy'),
(1813865, 1000, '19D', 'Economy'),
(1927715, 1000, '10E', 'Economy'),
(2320878, 1000, '18B', 'Economy'),
(2533415, 1000, '10D', 'Economy'),
(2979887, 1000, '18C', 'Economy'),
(3180154, 1001, '16F', 'Economy'),
(3302587, 1001, '12D', 'Economy'),
(3636605, 1001, '14B', 'Economy'),
(3712104, 1001, '14D', 'Economy'),
(4348255, 1001, '17C', 'Economy'),
(4434562, 1001, '18E', 'Economy'),
(4444103, 1001, '18B', 'Economy'),
(4472571, 1001, '10D', 'Economy'),
(4477132, 1001, '14A', 'Economy'),
(4583743, 1001, '10B', 'Economy'),
(4664961, 1002, '15F', 'Economy'),
(5011219, 1002, '15E', 'Economy'),
(5539639, 1002, '17F', 'Economy'),
(5770242, 1002, '15A', 'Economy'),
(6284476, 1002, '19F', 'Economy'),
(6286762, 1002, '15C', 'Economy'),
(6567649, 1002, '18C', 'Economy'),
(6853060, 1002, '18E', 'Economy'),
(7016253, 1002, '1A', 'First'),
(7111296, 1002, '10D', 'Economy'),
(7220784, 1003, '13B', 'Economy'),
(7225841, 1003, '17A', 'Economy'),
(7293656, 1003, '10C', 'Economy'),
(7435021, 1003, '13B', 'Economy'),
(7701197, 1003, '11F', 'Economy'),
(7766811, 1003, '17D', 'Economy'),
(8222692, 1003, '19A', 'Economy'),
(8337993, 1003, '16B', 'Economy'),
(8382579, 1003, '14C', 'Economy'),
(8510065, 1003, '15C', 'Economy'),
(8631774, 1004, '15D', 'Economy'),
(8668927, 1004, '11C', 'Economy'),
(8752999, 1004, '19C', 'Economy'),
(8822572, 1004, '1A', 'First'),
(9216435, 1004, '16E', 'Economy'),
(9279517, 1004, '10C', 'Economy'),
(9340516, 1004, '19B', 'Economy'),
(9738881, 1004, '10E', 'Economy'),
(9775613, 1004, '13E', 'Economy'),
(9822327, 1004, '16A', 'Economy'),
(1013510, 1005, '18B', 'Economy'),
(1102526, 1005, '13D', 'Economy'),
(1107205, 1005, '12C', 'Economy'),
(1195508, 1005, '13C', 'Economy'),
(1310297, 1005, '16E', 'Economy'),
(1813865, 1005, '12D', 'Economy'),
(1927715, 1005, '13A', 'Economy'),
(2320878, 1005, '14D', 'Economy'),
(2533415, 1005, '16B', 'Economy'),
(2979887, 1005, '18D', 'Economy'),
(3180154, 1006, '16F', 'Economy'),
(3302587, 1006, '12B', 'Economy'),
(3636605, 1006, '18C', 'Economy'),
(3712104, 1006, '17C', 'Economy'),
(4348255, 1006, '2B', 'First'),
(4434562, 1006, '11D', 'Economy'),
(4444103, 1006, '11F', 'Economy'),
(4472571, 1006, '13C', 'Economy'),
(4477132, 1006, '17C', 'Economy'),
(4583743, 1006, '18D', 'Economy'),
(4664961, 1007, '13D', 'Economy'),
(5011219, 1007, '18F', 'Economy'),
(5539639, 1007, '15F', 'Economy'),
(5770242, 1007, '17E', 'Economy'),
(6284476, 1007, '15E', 'Economy'),
(6286762, 1007, '18C', 'Economy'),
(6567649, 1007, '14C', 'Economy'),
(6853060, 1007, '2C', 'First'),
(7016253, 1007, '15B', 'Economy'),
(7111296, 1007, '18B', 'Economy'),
(7220784, 1008, '2B', 'First'),
(7225841, 1008, '19B', 'Economy'),
(7293656, 1008, '11E', 'Economy'),
(7435021, 1008, '15D', 'Economy'),
(7701197, 1008, '18D', 'Economy'),
(7766811, 1008, '17F', 'Economy'),
(8222692, 1008, '16D', 'Economy'),
(8337993, 1008, '14C', 'Economy'),
(8382579, 1008, '11C', 'Economy'),
(8510065, 1008, '17D', 'Economy'),
(8631774, 1009, '13F', 'Economy'),
(8668927, 1009, '1A', 'First'),
(8752999, 1009, '2B', 'First'),
(8822572, 1009, '11B', 'Economy'),
(9216435, 1009, '1B', 'First'),
(9279517, 1009, '15D', 'Economy'),
(9340516, 1009, '14A', 'Economy'),
(9738881, 1009, '11D', 'Economy'),
(9775613, 1009, '14E', 'Economy'),
(9822327, 1009, '11F', 'Economy'),
(1013510, 1010, '11D', 'Economy'),
(1102526, 1010, '1C', 'First'),
(1107205, 1010, '10B', 'Economy'),
(1195508, 1010, '2A', 'First'),
(1310297, 1010, '15E', 'Economy'),
(1813865, 1010, '2D', 'First'),
(1927715, 1010, '18F', 'Economy'),
(2320878, 1010, '15F', 'Economy'),
(2533415, 1010, '13D', 'Economy'),
(2979887, 1010, '14A', 'Economy'),
(3180154, 1011, '17D', 'Economy'),
(3302587, 1011, '19C', 'Economy'),
(3636605, 1011, '11A', 'Economy'),
(3712104, 1011, '1B', 'First'),
(4348255, 1011, '11D', 'Economy'),
(4434562, 1011, '17E', 'Economy'),
(4444103, 1011, '11E', 'Economy'),
(4472571, 1011, '2C', 'First'),
(4477132, 1011, '10C', 'Economy'),
(4583743, 1011, '16B', 'Economy'),
(4664961, 1012, '11D', 'Economy'),
(5011219, 1012, '11F', 'Economy'),
(5539639, 1012, '11C', 'Economy'),
(5770242, 1012, '18C', 'Economy'),
(6284476, 1012, '19F', 'Economy'),
(6286762, 1012, '17F', 'Economy'),
(6567649, 1012, '12F', 'Economy'),
(6853060, 1012, '14F', 'Economy'),
(7016253, 1012, '16C', 'Economy'),
(7111296, 1012, '12D', 'Economy'),
(7220784, 1013, '14D', 'Economy'),
(7225841, 1013, '18C', 'Economy'),
(7293656, 1013, '15D', 'Economy'),
(7435021, 1013, '15A', 'Economy'),
(7701197, 1013, '14B', 'Economy'),
(7766811, 1013, '19D', 'Economy'),
(8222692, 1013, '14F', 'Economy'),
(8337993, 1013, '19C', 'Economy'),
(8382579, 1013, '1B', 'First'),
(8510065, 1013, '14B', 'Economy'),
(8631774, 1014, '16C', 'Economy'),
(8668927, 1014, '17F', 'Economy'),
(8752999, 1014, '18A', 'Economy'),
(8822572, 1014, '10D', 'Economy'),
(9216435, 1014, '18C', 'Economy'),
(9279517, 1014, '15D', 'Economy'),
(9340516, 1014, '12F', 'Economy'),
(9738881, 1014, '13F', 'Economy'),
(9775613, 1014, '12E', 'Economy'),
(9822327, 1014, '12E', 'Economy'),
(1013510, 1015, '18F', 'Economy'),
(1102526, 1015, '16C', 'Economy'),
(1107205, 1015, '18F', 'Economy'),
(1195508, 1015, '16A', 'Economy'),
(1310297, 1015, '11D', 'Economy'),
(1813865, 1015, '16C', 'Economy'),
(1927715, 1015, '10D', 'Economy'),
(2320878, 1015, '15A', 'Economy'),
(2533415, 1015, '17A', 'Economy'),
(2979887, 1015, '12C', 'Economy'),
(3180154, 1016, '15B', 'Economy'),
(3302587, 1016, '18B', 'Economy'),
(3636605, 1016, '12B', 'Economy'),
(3712104, 1016, '10B', 'Economy'),
(4348255, 1016, '11A', 'Economy'),
(4434562, 1016, '16F', 'Economy'),
(4444103, 1016, '14B', 'Economy'),
(4472571, 1016, '19B', 'Economy'),
(4477132, 1016, '12B', 'Economy'),
(4583743, 1016, '18F', 'Economy'),
(4664961, 1017, '14E', 'Economy'),
(5011219, 1017, '13C', 'Economy'),
(5539639, 1017, '12B', 'Economy'),
(5770242, 1017, '13B', 'Economy'),
(6284476, 1017, '17D', 'Economy'),
(6286762, 1017, '13D', 'Economy'),
(6567649, 1017, '14A', 'Economy'),
(6853060, 1017, '18D', 'Economy'),
(7016253, 1017, '15B', 'Economy'),
(7111296, 1017, '17C', 'Economy'),
(7220784, 1018, '12F', 'Economy'),
(7225841, 1018, '1C', 'First'),
(7293656, 1018, '13F', 'Economy'),
(7435021, 1018, '1C', 'First'),
(7701197, 1018, '2C', 'First'),
(7766811, 1018, '11A', 'Economy'),
(8222692, 1018, '11D', 'Economy'),
(8337993, 1018, '19F', 'Economy'),
(8382579, 1018, '17B', 'Economy'),
(8510065, 1018, '1A', 'First'),
(8631774, 1019, '14E', 'Economy'),
(8668927, 1019, '10C', 'Economy'),
(8752999, 1019, '18C', 'Economy'),
(8822572, 1019, '18A', 'Economy'),
(9216435, 1019, '13F', 'Economy'),
(9279517, 1019, '2A', 'First'),
(9340516, 1019, '17B', 'Economy'),
(9738881, 1019, '16F', 'Economy'),
(9775613, 1019, '13E', 'Economy'),
(9822327, 1019, '14B', 'Economy'),
(1013510, 1020, '2C', 'First'),
(1102526, 1020, '14D', 'Economy'),
(1107205, 1020, '19B', 'Economy'),
(1195508, 1020, '1D', 'First'),
(1310297, 1020, '15E', 'Economy'),
(1813865, 1020, '13E', 'Economy'),
(1927715, 1020, '1A', 'First'),
(2320878, 1020, '10C', 'Economy'),
(2533415, 1020, '2D', 'First'),
(2979887, 1020, '19C', 'Economy'),
(3180154, 1021, '12A', 'Economy'),
(3302587, 1021, '13C', 'Economy'),
(3636605, 1021, '16F', 'Economy'),
(3712104, 1021, '1B', 'First'),
(4348255, 1021, '12A', 'Economy'),
(4434562, 1021, '17A', 'Economy'),
(4444103, 1021, '12C', 'Economy'),
(4472571, 1021, '14F', 'Economy'),
(4477132, 1021, '16B', 'Economy'),
(4583743, 1021, '13F', 'Economy'),
(4664961, 1022, '16B', 'Economy'),
(5011219, 1022, '10C', 'Economy'),
(5539639, 1022, '10B', 'Economy'),
(5770242, 1022, '13E', 'Economy'),
(6284476, 1022, '17A', 'Economy'),
(6286762, 1022, '16B', 'Economy'),
(6567649, 1022, '19E', 'Economy'),
(6853060, 1022, '19D', 'Economy'),
(7016253, 1022, '13A', 'Economy'),
(7111296, 1022, '14F', 'Economy'),
(7220784, 1023, '16C', 'Economy'),
(7225841, 1023, '15C', 'Economy'),
(7293656, 1023, '16E', 'Economy'),
(7435021, 1023, '17B', 'Economy'),
(7701197, 1023, '12D', 'Economy'),
(7766811, 1023, '11F', 'Economy'),
(8222692, 1023, '19F', 'Economy'),
(8337993, 1023, '13B', 'Economy'),
(8382579, 1023, '12E', 'Economy'),
(8510065, 1023, '14B', 'Economy'),
(8631774, 1024, '19E', 'Economy'),
(8668927, 1024, '13B', 'Economy'),
(8752999, 1024, '17E', 'Economy'),
(8822572, 1024, '16C', 'Economy'),
(9216435, 1024, '17E', 'Economy'),
(9279517, 1024, '17D', 'Economy'),
(9340516, 1024, '14E', 'Economy'),
(9738881, 1024, '16B', 'Economy'),
(9775613, 1024, '13D', 'Economy'),
(9822327, 1024, '14B', 'Economy'),
(1013510, 1025, '19E', 'Economy'),
(1102526, 1025, '11D', 'Economy'),
(1107205, 1025, '15B', 'Economy'),
(1195508, 1025, '13F', 'Economy'),
(1310297, 1025, '2A', 'First'),
(1813865, 1025, '13B', 'Economy'),
(1927715, 1025, '11E', 'Economy'),
(2320878, 1025, '1C', 'First'),
(2533415, 1025, '12A', 'Economy'),
(2979887, 1025, '14E', 'Economy'),
(3180154, 1026, '10F', 'Economy'),
(3302587, 1026, '15A', 'Economy'),
(3636605, 1026, '18B', 'Economy'),
(3712104, 1026, '11F', 'Economy'),
(4348255, 1026, '17F', 'Economy'),
(4434562, 1026, '11F', 'Economy'),
(4444103, 1026, '19A', 'Economy'),
(4472571, 1026, '10D', 'Economy'),
(4477132, 1026, '1A', 'First'),
(4583743, 1026, '14A', 'Economy'),
(4664961, 1027, '17B', 'Economy'),
(5011219, 1027, '1B', 'First'),
(5539639, 1027, '16C', 'Economy'),
(5770242, 1027, '1B', 'First'),
(6284476, 1027, '12E', 'Economy'),
(6286762, 1027, '15C', 'Economy'),
(6567649, 1027, '1A', 'First'),
(6853060, 1027, '16D', 'Economy'),
(7016253, 1027, '18D', 'Economy'),
(7111296, 1027, '10D', 'Economy'),
(7220784, 1028, '13F', 'Economy'),
(7225841, 1028, '19B', 'Economy'),
(7293656, 1028, '12A', 'Economy'),
(7435021, 1028, '16E', 'Economy'),
(7701197, 1028, '11A', 'Economy'),
(7766811, 1028, '18A', 'Economy'),
(8222692, 1028, '12D', 'Economy'),
(8337993, 1028, '17F', 'Economy'),
(8382579, 1028, '2B', 'First'),
(8510065, 1028, '13E', 'Economy'),
(8631774, 1029, '14E', 'Economy'),
(8668927, 1029, '14C', 'Economy'),
(8752999, 1029, '2C', 'First'),
(8822572, 1029, '15B', 'Economy'),
(9216435, 1029, '15C', 'Economy'),
(9279517, 1029, '13B', 'Economy'),
(9340516, 1029, '10B', 'Economy'),
(9738881, 1029, '11F', 'Economy'),
(9775613, 1029, '11A', 'Economy'),
(9822327, 1029, '19B', 'Economy'),
(1013510, 1030, '15C', 'Economy'),
(1102526, 1030, '19C', 'Economy'),
(1107205, 1030, '19B', 'Economy'),
(1195508, 1030, '2A', 'First'),
(1310297, 1030, '16D', 'Economy'),
(1813865, 1030, '18B', 'Economy'),
(1927715, 1030, '14F', 'Economy'),
(2320878, 1030, '17C', 'Economy'),
(2533415, 1030, '13C', 'Economy'),
(2979887, 1030, '10E', 'Economy'),
(3180154, 1031, '2D', 'First'),
(3302587, 1031, '16C', 'Economy'),
(3636605, 1031, '15B', 'Economy'),
(3712104, 1031, '12F', 'Economy'),
(4348255, 1031, '19E', 'Economy'),
(4434562, 1031, '11C', 'Economy'),
(4444103, 1031, '15E', 'Economy'),
(4472571, 1031, '17C', 'Economy'),
(4477132, 1031, '1B', 'First'),
(4583743, 1031, '19D', 'Economy'),
(4664961, 1032, '13C', 'Economy'),
(5011219, 1032, '18A', 'Economy'),
(5539639, 1032, '18C', 'Economy'),
(5770242, 1032, '12D', 'Economy'),
(6284476, 1032, '17A', 'Economy'),
(6286762, 1032, '10B', 'Economy'),
(6567649, 1032, '14A', 'Economy'),
(6853060, 1032, '13F', 'Economy'),
(7016253, 1032, '13B', 'Economy'),
(7111296, 1032, '11C', 'Economy'),
(7220784, 1033, '19F', 'Economy'),
(7225841, 1033, '12F', 'Economy'),
(7293656, 1033, '10D', 'Economy'),
(7435021, 1033, '19A', 'Economy'),
(7701197, 1033, '19A', 'Economy'),
(7766811, 1033, '15B', 'Economy'),
(8222692, 1033, '18F', 'Economy'),
(8337993, 1033, '1B', 'First'),
(8382579, 1033, '10F', 'Economy'),
(8510065, 1033, '11F', 'Economy'),
(8631774, 1034, '19C', 'Economy'),
(8668927, 1034, '13D', 'Economy'),
(8752999, 1034, '16A', 'Economy'),
(8822572, 1034, '14A', 'Economy'),
(9216435, 1034, '15A', 'Economy'),
(9279517, 1034, '15A', 'Economy'),
(9340516, 1034, '19C', 'Economy'),
(9738881, 1034, '17A', 'Economy'),
(9775613, 1034, '19B', 'Economy'),
(9822327, 1034, '12C', 'Economy'),
(1013510, 1035, '11C', 'Economy'),
(1102526, 1035, '14A', 'Economy'),
(1107205, 1035, '14A', 'Economy'),
(1195508, 1035, '15B', 'Economy'),
(1310297, 1035, '11D', 'Economy'),
(1813865, 1035, '17B', 'Economy'),
(1927715, 1035, '15A', 'Economy'),
(2320878, 1035, '19E', 'Economy'),
(2533415, 1035, '11E', 'Economy'),
(2979887, 1035, '19E', 'Economy'),
(3180154, 1036, '15D', 'Economy'),
(3302587, 1036, '16C', 'Economy'),
(3636605, 1036, '17C', 'Economy'),
(3712104, 1036, '15A', 'Economy'),
(4348255, 1036, '1A', 'First'),
(4434562, 1036, '13E', 'Economy'),
(4444103, 1036, '2D', 'First'),
(4472571, 1036, '2D', 'First'),
(4477132, 1036, '11B', 'Economy'),
(4583743, 1036, '18B', 'Economy'),
(4664961, 1037, '11C', 'Economy'),
(5011219, 1037, '13B', 'Economy'),
(5539639, 1037, '17A', 'Economy'),
(5770242, 1037, '2C', 'First'),
(6284476, 1037, '11D', 'Economy'),
(6286762, 1037, '11D', 'Economy'),
(6567649, 1037, '2A', 'First'),
(6853060, 1037, '14A', 'Economy'),
(7016253, 1037, '19C', 'Economy'),
(7111296, 1037, '14A', 'Economy'),
(7220784, 1038, '2C', 'First'),
(7225841, 1038, '19E', 'Economy'),
(7293656, 1038, '10C', 'Economy'),
(7435021, 1038, '15D', 'Economy'),
(7701197, 1038, '14B', 'Economy'),
(7766811, 1038, '13D', 'Economy'),
(8222692, 1038, '10D', 'Economy'),
(8337993, 1038, '17F', 'Economy'),
(8382579, 1038, '12C', 'Economy'),
(8510065, 1038, '10D', 'Economy'),
(8631774, 1039, '14A', 'Economy'),
(8668927, 1039, '13F', 'Economy'),
(8752999, 1039, '14C', 'Economy'),
(8822572, 1039, '15F', 'Economy'),
(9216435, 1039, '13C', 'Economy'),
(9279517, 1039, '1A', 'First'),
(9340516, 1039, '11D', 'Economy'),
(9738881, 1039, '11E', 'Economy'),
(9775613, 1039, '2C', 'First'),
(9822327, 1039, '19A', 'Economy'),
(1013510, 1040, '17A', 'Economy'),
(1102526, 1040, '11B', 'Economy'),
(1107205, 1040, '1D', 'First'),
(1195508, 1040, '14E', 'Economy'),
(1310297, 1040, '12B', 'Economy'),
(1813865, 1040, '11A', 'Economy'),
(1927715, 1040, '14F', 'Economy'),
(2320878, 1040, '15C', 'Economy'),
(2533415, 1040, '1D', 'First'),
(2979887, 1040, '12F', 'Economy'),
(3180154, 1041, '10F', 'Economy'),
(3302587, 1041, '11D', 'Economy'),
(3636605, 1041, '15A', 'Economy'),
(3712104, 1041, '14A', 'Economy'),
(4348255, 1041, '16B', 'Economy'),
(4434562, 1041, '17F', 'Economy'),
(4444103, 1041, '10D', 'Economy'),
(4472571, 1041, '19E', 'Economy'),
(4477132, 1041, '14E', 'Economy'),
(4583743, 1041, '16D', 'Economy'),
(4664961, 1042, '16C', 'Economy'),
(5011219, 1042, '19F', 'Economy'),
(5539639, 1042, '18A', 'Economy'),
(5770242, 1042, '19B', 'Economy'),
(6284476, 1042, '15E', 'Economy'),
(6286762, 1042, '18A', 'Economy'),
(6567649, 1042, '12E', 'Economy'),
(6853060, 1042, '10F', 'Economy'),
(7016253, 1042, '2B', 'First'),
(7111296, 1042, '19B', 'Economy'),
(7220784, 1043, '10E', 'Economy'),
(7225841, 1043, '15D', 'Economy'),
(7293656, 1043, '11C', 'Economy'),
(7435021, 1043, '17A', 'Economy'),
(7701197, 1043, '12E', 'Economy'),
(7766811, 1043, '16B', 'Economy'),
(8222692, 1043, '17F', 'Economy'),
(8337993, 1043, '10C', 'Economy'),
(8382579, 1043, '17E', 'Economy'),
(8510065, 1043, '15D', 'Economy');

-- --------------------------------------------------------

--
-- Table structure for table `seat`
--

CREATE TABLE `seat` (
  `seat` varchar(3) NOT NULL,
  `location` varchar(10) NOT NULL,
  `serviceClass` varchar(10) NOT NULL
) ENGINE=InnoDB DEFAULT CHARSET=latin1;

--
-- Dumping data for table `seat`
--

INSERT INTO `seat` (`seat`, `location`, `serviceClass`) VALUES
('10A', 'Window', 'Economy'),
('10B', 'Center', 'Economy'),
('10C', 'Aisle', 'Economy'),
('10D', 'Aisle', 'Economy'),
('10E', 'Center', 'Economy'),
('10F', 'Window', 'Economy'),
('11A', 'Window', 'Economy'),
('11B', 'Center', 'Economy'),
('11C', 'Aisle', 'Economy'),
('11D', 'Aisle', 'Economy'),
('11E', 'Center', 'Economy'),
('11F', 'Window', 'Economy'),
('12A', 'Window', 'Economy'),
('12B', 'Center', 'Economy'),
('12C', 'Aisle', 'Economy'),
('12D', 'Aisle', 'Economy'),
('12E', 'Center', 'Economy'),
('12F', 'Window', 'Economy'),
('13A', 'Window', 'Economy'),
('13B', 'Center', 'Economy'),
('13C', 'Aisle', 'Economy'),
('13D', 'Aisle', 'Economy'),
('13E', 'Center', 'Economy'),
('13F', 'Window', 'Economy'),
('14A', 'Window', 'Economy'),
('14B', 'Center', 'Economy'),
('14C', 'Aisle', 'Economy'),
('14D', 'Aisle', 'Economy'),
('14E', 'Center', 'Economy'),
('14F', 'Window', 'Economy'),
('15A', 'Window', 'Economy'),
('15B', 'Center', 'Economy'),
('15C', 'Aisle', 'Economy'),
('15D', 'Aisle', 'Economy'),
('15E', 'Center', 'Economy'),
('15F', 'Window', 'Economy'),
('16A', 'Window', 'Economy'),
('16B', 'Center', 'Economy'),
('16C', 'Aisle', 'Economy'),
('16D', 'Aisle', 'Economy'),
('16E', 'Center', 'Economy'),
('16F', 'Window', 'Economy'),
('17A', 'Window', 'Economy'),
('17B', 'Center', 'Economy'),
('17C', 'Aisle', 'Economy'),
('17D', 'Aisle', 'Economy'),
('17E', 'Center', 'Economy'),
('17F', 'Window', 'Economy'),
('18A', 'Window', 'Economy'),
('18B', 'Center', 'Economy'),
('18C', 'Aisle', 'Economy'),
('18D', 'Aisle', 'Economy'),
('18E', 'Center', 'Economy'),
('18F', 'Window', 'Economy'),
('19A', 'Window', 'Economy'),
('19B', 'Center', 'Economy'),
('19C', 'Aisle', 'Economy'),
('19D', 'Aisle', 'Economy'),
('19E', 'Center', 'Economy'),
('19F', 'Window', 'Economy'),
('1A', 'Window', 'First'),
('1B', 'Aisle', 'First'),
('1C', 'Aisle', 'First'),
('1D', 'Window', 'First'),
('2A', 'Window', 'First'),
('2B', 'Aisle', 'First'),
('2C', 'Aisle', 'First'),
('2D', 'Window', 'First');

-- --------------------------------------------------------

--
-- Table structure for table `staff`
--

CREATE TABLE `staff` (
  `passengerID` int(255) NOT NULL,
  `employeeID` int(255) NOT NULL,
  `employeePosition` varchar(50) NOT NULL
) ENGINE=InnoDB DEFAULT CHARSET=latin1;

--
-- Dumping data for table `staff`
--

INSERT INTO `staff` (`passengerID`, `employeeID`, `employeePosition`) VALUES
(3407646, 1183, 'pilot'),
(5717189, 1813, 'flight attendant'),
(4916432, 1872, 'pilot'),
(4003418, 1944, 'flight attendant'),
(4916432, 2084, 'flight attendant'),
(3157882, 2133, 'flight attendant'),
(1949842, 2178, 'pilot'),
(1949842, 2406, 'flight attendant'),
(1308856, 2424, 'flight attendant'),
(9539929, 2487, 'flight attendant'),
(4368470, 2625, 'flight attendant'),
(9710816, 2746, 'flight attendant'),
(3407646, 2963, 'flight attendant'),
(3867073, 3076, 'flight attendant'),
(5585917, 3142, 'pilot'),
(4291966, 3147, 'flight attendant'),
(4930217, 3180, 'flight attendant'),
(2167616, 3241, 'flight attendant'),
(5940791, 3502, 'pilot'),
(6563070, 3538, 'flight attendant'),
(3962325, 3548, 'flight attendant'),
(9529335, 3696, 'flight attendant'),
(9134882, 3833, 'pilot'),
(8094414, 4019, 'flight attendant'),
(7863002, 4215, 'flight attendant'),
(5635079, 4349, 'flight attendant'),
(7049695, 4573, 'flight attendant'),
(4003418, 4661, 'pilot'),
(4930217, 4692, 'pilot'),
(5414681, 4772, 'flight attendant'),
(9134882, 4935, 'flight attendant'),
(2770418, 4951, 'flight attendant'),
(2929209, 4964, 'pilot'),
(4611402, 5043, 'flight attendant'),
(4397281, 5120, 'flight attendant'),
(6362886, 5535, 'flight attendant'),
(5635079, 5910, 'pilot'),
(1466944, 6424, 'flight attendant'),
(9732676, 6454, 'pilot'),
(5940791, 6456, 'flight attendant'),
(3157882, 6462, 'pilot'),
(8127105, 6684, 'flight attendant'),
(3463739, 6801, 'flight attendant'),
(1041744, 6821, 'flight attendant'),
(5585917, 6934, 'flight attendant'),
(9732676, 6993, 'flight attendant'),
(5794602, 7013, 'flight attendant'),
(7673326, 7112, 'flight attendant'),
(5262113, 7749, 'flight attendant'),
(7317529, 7846, 'pilot'),
(2929209, 7950, 'flight attendant'),
(7863002, 7956, 'pilot'),
(5794602, 8294, 'pilot'),
(1466944, 8400, 'pilot'),
(7317529, 8433, 'flight attendant'),
(5262113, 8456, 'pilot'),
(4520143, 8587, 'flight attendant'),
(1985862, 8603, 'flight attendant'),
(1034438, 8607, 'flight attendant'),
(1437109, 8645, 'flight attendant'),
(7464594, 8708, 'pilot'),
(6401161, 8810, 'pilot'),
(6401161, 8887, 'flight attendant'),
(6563070, 8969, 'pilot'),
(9549465, 9095, 'flight attendant'),
(7464594, 9161, 'flight attendant'),
(1863056, 9305, 'flight attendant'),
(1014734, 9532, 'flight attendant'),
(8988036, 9727, 'flight attendant'),
(1047072, 9966, 'flight attendant');

-- --------------------------------------------------------

--
-- Table structure for table `uses`
--

CREATE TABLE `uses` (
  `flightNumber` int(255) NOT NULL,
  `modelNumber` int(255) NOT NULL
) ENGINE=InnoDB DEFAULT CHARSET=latin1;

--
-- Dumping data for table `uses`
--

INSERT INTO `uses` (`flightNumber`, `modelNumber`) VALUES
(1000, 707),
(1004, 707),
(1001, 708),
(1005, 708),
(1002, 709),
(1006, 709),
(1003, 710),
(1007, 710),
(1008, 711),
(1013, 711),
(1009, 713),
(1014, 713),
(1010, 714),
(1015, 714),
(1011, 715),
(1016, 715),
(1012, 716),
(1017, 716),
(1018, 717),
(1022, 717),
(1019, 718),
(1023, 718),
(1020, 719),
(1024, 719),
(1021, 720),
(1025, 720),
(1026, 721),
(1031, 721),
(1027, 722),
(1032, 722),
(1028, 723),
(1033, 723),
(1029, 724),
(1034, 724),
(1030, 725),
(1035, 725),
(1036, 726),
(1040, 726),
(1037, 727),
(1041, 727),
(1038, 728),
(1042, 728),
(1039, 729),
(1043, 729);

--
-- Indexes for dumped tables
--

--
-- Indexes for table `airplane`
--
ALTER TABLE `airplane`
  ADD PRIMARY KEY (`modelNumber`);

--
-- Indexes for table `airport`
--
ALTER TABLE `airport`
  ADD PRIMARY KEY (`school`),
  ADD UNIQUE KEY `address` (`address`);

--
-- Indexes for table `arrivesat`
--
ALTER TABLE `arrivesat`
  ADD PRIMARY KEY (`flightNumber`),
  ADD KEY `school` (`school`);

--
-- Indexes for table `company`
--
ALTER TABLE `company`
  ADD PRIMARY KEY (`name`),
  ADD UNIQUE KEY `address` (`address`);

--
-- Indexes for table `contains`
--
ALTER TABLE `contains`
  ADD PRIMARY KEY (`flightNumber`,`seat`,`serviceClass`),
  ADD KEY `seat` (`seat`),
  ADD KEY `serviceClass` (`serviceClass`);

--
-- Indexes for table `departsat`
--
ALTER TABLE `departsat`
  ADD PRIMARY KEY (`flightNumber`),
  ADD KEY `school` (`school`);

--
-- Indexes for table `flight`
--
ALTER TABLE `flight`
  ADD PRIMARY KEY (`flightNumber`);

--
-- Indexes for table `manufactured`
--
ALTER TABLE `manufactured`
  ADD PRIMARY KEY (`modelNumber`),
  ADD KEY `companyName` (`companyName`);

--
-- Indexes for table `nonstaff`
--
ALTER TABLE `nonstaff`
  ADD KEY `passengerID` (`passengerID`);

--
-- Indexes for table `operates`
--
ALTER TABLE `operates`
  ADD PRIMARY KEY (`flightNumber`,`employeeID`),
  ADD KEY `employeeID` (`employeeID`);

--
-- Indexes for table `passenger`
--
ALTER TABLE `passenger`
  ADD PRIMARY KEY (`passengerID`),
  ADD UNIQUE KEY `passportNo` (`passportNo`);

--
-- Indexes for table `reserves`
--
ALTER TABLE `reserves`
  ADD PRIMARY KEY (`flightNumber`,`passengerID`),
  ADD KEY `seat` (`seat`),
  ADD KEY `passengerID` (`passengerID`),
  ADD KEY `serviceClass` (`serviceClass`);

--
-- Indexes for table `seat`
--
ALTER TABLE `seat`
  ADD PRIMARY KEY (`seat`,`serviceClass`),
  ADD KEY `serviceClass` (`serviceClass`);

--
-- Indexes for table `staff`
--
ALTER TABLE `staff`
  ADD PRIMARY KEY (`employeeID`);

--
-- Indexes for table `uses`
--
ALTER TABLE `uses`
  ADD PRIMARY KEY (`flightNumber`),
  ADD KEY `modelNumber` (`modelNumber`);

--
-- Constraints for dumped tables
--

--
-- Constraints for table `arrivesat`
--
ALTER TABLE `arrivesat`
  ADD CONSTRAINT `arrivesat_ibfk_1` FOREIGN KEY (`school`) REFERENCES `airport` (`school`) ON DELETE CASCADE ON UPDATE CASCADE,
  ADD CONSTRAINT `arrivesat_ibfk_2` FOREIGN KEY (`flightNumber`) REFERENCES `flight` (`flightNumber`) ON DELETE CASCADE ON UPDATE CASCADE;

--
-- Constraints for table `contains`
--
ALTER TABLE `contains`
  ADD CONSTRAINT `contains_ibfk_1` FOREIGN KEY (`seat`) REFERENCES `seat` (`seat`) ON DELETE CASCADE ON UPDATE CASCADE,
  ADD CONSTRAINT `contains_ibfk_2` FOREIGN KEY (`serviceClass`) REFERENCES `seat` (`serviceClass`) ON DELETE CASCADE ON UPDATE CASCADE,
  ADD CONSTRAINT `contains_ibfk_3` FOREIGN KEY (`flightNumber`) REFERENCES `flight` (`flightNumber`) ON DELETE CASCADE ON UPDATE CASCADE;

--
-- Constraints for table `departsat`
--
ALTER TABLE `departsat`
  ADD CONSTRAINT `departsat_ibfk_1` FOREIGN KEY (`school`) REFERENCES `airport` (`school`) ON DELETE CASCADE ON UPDATE CASCADE,
  ADD CONSTRAINT `departsat_ibfk_2` FOREIGN KEY (`flightNumber`) REFERENCES `flight` (`flightNumber`) ON DELETE CASCADE ON UPDATE CASCADE;

--
-- Constraints for table `manufactured`
--
ALTER TABLE `manufactured`
  ADD CONSTRAINT `manufactured_ibfk_1` FOREIGN KEY (`modelNumber`) REFERENCES `airplane` (`modelNumber`) ON DELETE CASCADE ON UPDATE CASCADE,
  ADD CONSTRAINT `manufactured_ibfk_2` FOREIGN KEY (`companyName`) REFERENCES `company` (`name`) ON DELETE CASCADE ON UPDATE CASCADE;

--
-- Constraints for table `nonstaff`
--
ALTER TABLE `nonstaff`
  ADD CONSTRAINT `nonstaff_ibfk_1` FOREIGN KEY (`passengerID`) REFERENCES `passenger` (`passengerID`) ON DELETE CASCADE ON UPDATE CASCADE;

--
-- Constraints for table `operates`
--
ALTER TABLE `operates`
  ADD CONSTRAINT `operates_ibfk_1` FOREIGN KEY (`employeeID`) REFERENCES `staff` (`employeeID`) ON DELETE CASCADE ON UPDATE CASCADE,
  ADD CONSTRAINT `operates_ibfk_2` FOREIGN KEY (`flightNumber`) REFERENCES `flight` (`flightNumber`) ON DELETE CASCADE ON UPDATE CASCADE;

--
-- Constraints for table `reserves`
--
ALTER TABLE `reserves`
  ADD CONSTRAINT `reserves_ibfk_1` FOREIGN KEY (`seat`) REFERENCES `seat` (`seat`) ON DELETE CASCADE ON UPDATE CASCADE,
  ADD CONSTRAINT `reserves_ibfk_2` FOREIGN KEY (`flightNumber`) REFERENCES `flight` (`flightNumber`) ON DELETE CASCADE ON UPDATE CASCADE,
  ADD CONSTRAINT `reserves_ibfk_3` FOREIGN KEY (`passengerID`) REFERENCES `passenger` (`passengerID`) ON DELETE CASCADE ON UPDATE CASCADE,
  ADD CONSTRAINT `reserves_ibfk_4` FOREIGN KEY (`serviceClass`) REFERENCES `seat` (`serviceClass`) ON DELETE CASCADE ON UPDATE CASCADE;

--
-- Constraints for table `uses`
--
ALTER TABLE `uses`
  ADD CONSTRAINT `uses_ibfk_1` FOREIGN KEY (`flightNumber`) REFERENCES `flight` (`flightNumber`) ON DELETE CASCADE ON UPDATE CASCADE,
  ADD CONSTRAINT `uses_ibfk_2` FOREIGN KEY (`modelNumber`) REFERENCES `airplane` (`modelNumber`) ON DELETE CASCADE ON UPDATE CASCADE;

/*!40101 SET CHARACTER_SET_CLIENT=@OLD_CHARACTER_SET_CLIENT */;
/*!40101 SET CHARACTER_SET_RESULTS=@OLD_CHARACTER_SET_RESULTS */;
/*!40101 SET COLLATION_CONNECTION=@OLD_COLLATION_CONNECTION */;
