1013510,293099095,Yolanda Fee
1014734,963594232,Cornelius Bramer
1034438,296280235,Patrica Mosier
1041033,393454572,Madelene Gerhard
1041744,524878853,Randa Hopkins
1047072,571916382,Isidro Cunha
1102526,190001753,Charise Gaytan
1107205,160027550,Georgann Malbon
1195508,609777663,Albert Derringer
1263947,661199454,Wilma Shutts
1308856,239797385,Lowell Markland
1310297,499090398,Milan Laramee
1437109,563928589,Hattie Carreira
1466944,172873780,Maragret Beier
1768667,146163867,Crissy Laferriere
1813865,940025287,Florencio Tomaselli
1863056,341919142,Letisha Parfait
1927715,803459463,Carry Siegal
1949842,350437833,Olympia Souther
1985862,865615264,Drusilla Gremillion
2163317,420602844,Dianne Heims
2167616,255186418,Domingo Caldera
2263667,175120331,Abbey Terhune
2320878,674435172,Fran Singh
2533415,157707670,Louanne Clewis
2770418,695366159,Callie Winder
2929209,483110175,Azucena Maclennan
2979887,756863582,Hui Stricker
3157882,785960401,September Villescas
3180154,684039224,Charisse Barga
3302587,855428161,Dannie Poynor
3407646,292828416,Ok Rios
3463739,535709628,Elenor Munger
3626453,612942155,Chere Duppstadt
3636605,616800854,Kristina Stotler
3712104,263497484,Kirstie Glass
3867073,183407846,China Maio
3962325,501029519,Therese Klimas
4003418,141157359,Lady Kepley
4119316,580704979,Florance Hope
4217609,425563060,Manda Ganley
4291966,655664154,Kena Twellman
4348255,860918629,Zita Mayton
4368470,128698381,Temple Byron
4397281,408319391,Lael Shiver
4434562,915995653,Salena Shi
4444103,972379813,Jeanie Griffey
4472571,498124912,Tamar Dreyer
4477132,150758199,Rochelle Yousef
4520143,359472042,Veola Mcferron
4570718,505463870,Kimbra Braz
4583743,859208419,Brianna Snelling
4611402,375522180,Katherina Thomas
4664961,966987839,Margurite Fifield
4916432,196359564,Oswaldo Tilman
4930217,951925723,Margene Raffield
5011219,892827108,Patty Haynie
5262113,461900312,Carie Noguera
5414681,357051361,Ardell Marzette
5539639,125069265,Patti Windley
5585917,720466921,Sunny Heuer
5635079,529562500,Benito Alvarenga
5685656,860732393,Janessa Pancake
5717189,537735299,Chanel Dress
5770242,382243906,Bernardo Eicher
5794602,583369399,Alfreda Escareno
5940791,198729332,Jani Skelton
6266774,782611035,Toya Lagrone
6284476,917366602,Garret Kist
6286762,950553388,Contessa Delay
6362886,361499465,Tracy Charest
6384650,914438141,Laronda Vanduzer
6401161,183916010,Elyse Rapp
6563070,410054886,Felecia Mork
6567649,504361254,Lavonda Kubicek
6853060,475327837,Myrtle Mabie
6981019,949569010,Antionette Kite
7016253,623722427,Theron Roehr
7049695,848620728,Melissa Tullis
7106275,938057703,Tamie Corliss
7111296,230808781,Vonda Frankum
7146947,546506431,Shani Degraw
7220784,921626864,Meredith Mauricio
7225841,384052138,Demetrice Direnzo
7293656,384556537,Ling Hoosier
7317529,725620729,Wendi Mowrer
7435021,710225182,Jolie Forgey
7464594,426525749,Phillip Lauber
7673326,316425439,Norberto Weddle
7701197,107584624,Francina Whittington
7766811,863000533,Faustino Dunleavy
7772669,833956097,Malissa Ertel
7863002,845799153,Raymundo Hunte
8094414,605511242,Shavonne Eckles
8127105,107881614,Willian Becerril
8222692,510458948,Shaunda Sledge
8337993,522052849,Dwana Demaris
8344928,715579499,Coralee Ashbaugh
8382579,632464308,Armandina Christofferse
8510065,633491938,Ja Strine
8631774,986194841,Jadwiga Brimage
8662227,921434860,Doria Shambaugh
8668927,619449586,Thalia Mcelhannon
8752999,437615224,Celestina Hutzler
8822572,759952479,Kisha Leventhal
8988036,446281880,Theola Larkins
9134882,484627679,Audrea Armstong
9216435,152518157,Beulah Kestler
9279517,456870412,Horacio Garlow
9340516,862557250,Milford Callahan
9529335,125006373,Laree Serio
9539929,168178066,Deetta Kesselman
9549465,801709745,Coreen Sak
9710816,389000382,Doloris Dunker
9732676,784858631,Margy Walton
9735958,493299909,Gertrudis Mccallion
9738881,349382493,Roxie Crompton
9775613,241634488,Tracee Cryan
9822327,894802088,Trent Milton
9854186,621293112,Nola Coghill
